rank,normalized_phrase,representative_phrase,count,source_types,example_gx,example_categories,example_clip_path
1,clamshell,Clamshell.,43,meta2,GX010023,Containers #1/Clamshells,/media/jisha/E/trash_dataset/camera1_plastics_shareable_dataset/audio_video_clips/GX010023/GX010023__000012.720__000014.120.mp4
2,one non -deposit,One non -deposit.,36,meta2,GX010023,Other #1 Bottles,/media/jisha/E/trash_dataset/camera1_plastics_shareable_dataset/audio_video_clips/GX010023/GX010023__000485.520__000487.360.mp4
3,other plastic,Other plastic.,36,meta2,GX010023,Other Plastics,/media/jisha/E/trash_dataset/camera1_plastics_shareable_dataset/audio_video_clips/GX010023/GX010023__000511.120__000512.800.mp4
4,unnumbered,Unnumbered.,36,meta2,GX010023,Other Unnumbered Containers & Fragments,/media/jisha/E/trash_dataset/camera1_plastics_shareable_dataset/audio_video_clips/GX010023/GX010023__000010.620__000012.020.mp4
5,black plastic,Black plastic.,32,meta2,GX010023,Black Plastic Containers,/media/jisha/E/trash_dataset/camera1_plastics_shareable_dataset/audio_video_clips/GX010023/GX010023__000304.740__000308.200.mp4
6,five,Five.,27,meta2,GX010023,Containers #5/PP,/media/jisha/E/trash_dataset/camera1_plastics_shareable_dataset/audio_video_clips/GX010023/GX010023__000341.820__000342.160.mp4
7,number five,Number five.,21,meta2,GX010023,Containers #5/PP,/media/jisha/E/trash_dataset/camera1_plastics_shareable_dataset/audio_video_clips/GX010023/GX010023__000135.900__000136.700.mp4
8,one deposit,One deposit.,21,meta2,GX010023,Deposit #1 Bottles,/media/jisha/E/trash_dataset/camera1_plastics_shareable_dataset/audio_video_clips/GX010023/GX010023__000984.360__000984.860.mp4
9,non -deposit one,Non -deposit one.,18,meta2,GX010023,Other #1 Bottles,/media/jisha/E/trash_dataset/camera1_plastics_shareable_dataset/audio_video_clips/GX010023/GX010023__000623.840__000625.040.mp4
10,non -deposit,Non -deposit.,14,meta2,GX010023,Non-Deposit,/media/jisha/E/trash_dataset/camera1_plastics_shareable_dataset/audio_video_clips/GX010023/GX010023__000063.320__000063.860.mp4
11,two color,Two color.,11,meta2,GX010023,Containers #2 Colored,/media/jisha/E/trash_dataset/camera1_plastics_shareable_dataset/audio_video_clips/GX010023/GX010023__000032.460__000033.500.mp4
12,two natural,Two natural.,11,meta2,GX010023,Containers #2 Natural,/media/jisha/E/trash_dataset/camera1_plastics_shareable_dataset/audio_video_clips/GX010023/GX010023__000764.160__000765.460.mp4
13,deposit number one,Deposit number one.,10,meta2,GX010023,Deposit #1 Bottles,/media/jisha/E/trash_dataset/camera1_plastics_shareable_dataset/audio_video_clips/GX010023/GX010023__000088.220__000089.240.mp4
14,non -deposit number one,Non -deposit number one.,8,meta2,GX010023,Other #1 Bottles,/media/jisha/E/trash_dataset/camera1_plastics_shareable_dataset/audio_video_clips/GX010023/GX010023__000127.320__000128.760.mp4
15,deposit one,deposit one,6,meta2,GX010024,Deposit #1 Bottles,/media/jisha/E/trash_dataset/camera1_plastics_shareable_dataset/audio_video_clips/GX010024/GX010024__000439.640__000440.960.mp4
16,clam shell,Clam shell.,5,meta2,GX020023,Containers #1/Clamshells,/media/jisha/E/trash_dataset/camera1_plastics_shareable_dataset/audio_video_clips/GX020023/GX020023__000339.360__000340.380.mp4
17,number one non -deposit,Number one non -deposit.,5,meta2,GX010023,Other #1 Bottles,/media/jisha/E/trash_dataset/camera1_plastics_shareable_dataset/audio_video_clips/GX010023/GX010023__000423.060__000425.320.mp4
18,one clamshell,One clamshell.,5,meta2,GX010023,Containers #1/Clamshells,/media/jisha/E/trash_dataset/camera1_plastics_shareable_dataset/audio_video_clips/GX010023/GX010023__000099.020__000099.840.mp4
19,other non -deposit,Other non -deposit.,5,meta2,GX010023,Non-Deposit,/media/jisha/E/trash_dataset/camera1_plastics_shareable_dataset/audio_video_clips/GX010023/GX010023__000171.640__000172.400.mp4
20,1 deposit,"1 deposit,",4,meta2,GX020025,Deposit #1 Bottles,/media/jisha/E/trash_dataset/camera1_plastics_shareable_dataset/audio_video_clips/GX020025/GX020025__000241.340__000243.880.mp4
21,5,"5,",4,meta2,GX020025,Containers #5/PP,/media/jisha/E/trash_dataset/camera1_plastics_shareable_dataset/audio_video_clips/GX020025/GX020025__000237.000__000237.840.mp4
22,deposit,Deposit.,4,meta2,GX010025,Deposit #1 Bottles,/media/jisha/E/trash_dataset/camera1_plastics_shareable_dataset/audio_video_clips/GX010025/GX010025__000554.420__000554.980.mp4
23,number one clamshell,Number one clamshell.,4,meta2,GX010023,Containers #1/Clamshells,/media/jisha/E/trash_dataset/camera1_plastics_shareable_dataset/audio_video_clips/GX010023/GX010023__000820.860__000822.220.mp4
24,two colors,Two colors.,4,meta2,GX010024,Containers #2 Colored,/media/jisha/E/trash_dataset/camera1_plastics_shareable_dataset/audio_video_clips/GX010024/GX010024__000429.720__000432.360.mp4
25,number one,number one,3,meta2,GX010024,Containers #1/Clamshells,/media/jisha/E/trash_dataset/camera1_plastics_shareable_dataset/audio_video_clips/GX010024/GX010024__000432.380__000435.640.mp4
26,three through seven,Three through seven.,3,meta2,GX010023,Containers #3-7 (Not #5),/media/jisha/E/trash_dataset/camera1_plastics_shareable_dataset/audio_video_clips/GX010023/GX010023__000775.140__000776.640.mp4
27,1 non -deposit,"1 non -deposit,",2,meta2,GX020025,Other #1 Bottles,/media/jisha/E/trash_dataset/camera1_plastics_shareable_dataset/audio_video_clips/GX020025/GX020025__000244.920__000246.340.mp4
28,3 -2 -7,"3 -2 -7,",2,meta2,GX020025,Containers #3-7 (Not #5),/media/jisha/E/trash_dataset/camera1_plastics_shareable_dataset/audio_video_clips/GX020025/GX020025__000264.500__000265.800.mp4
29,327,327.,2,meta2,GX020025,Containers #3-7 (Not #5),/media/jisha/E/trash_dataset/camera1_plastics_shareable_dataset/audio_video_clips/GX020025/GX020025__000108.240__000109.640.mp4
30,deposit number 1,"deposit number 1,",2,meta2,GX020025,Deposit #1 Bottles,/media/jisha/E/trash_dataset/camera1_plastics_shareable_dataset/audio_video_clips/GX020025/GX020025__000233.040__000234.480.mp4
31,film,film,2,meta2,GX010024,Other Plastic Film,/media/jisha/E/trash_dataset/camera1_plastics_shareable_dataset/audio_video_clips/GX010024/GX010024__000334.620__000336.980.mp4
32,natural,natural,2,meta2,GX010023,Containers #2 Natural,/media/jisha/E/trash_dataset/camera1_plastics_shareable_dataset/audio_video_clips/GX010023/GX010023__000399.200__000400.060.mp4
33,number one deposit,Number one deposit.,2,meta2,GX010023,Deposit #1 Bottles,/media/jisha/E/trash_dataset/camera1_plastics_shareable_dataset/audio_video_clips/GX010023/GX010023__000429.740__000430.740.mp4
34,other one,Other one.,2,meta2,GX010025,Containers #1/Clamshells,/media/jisha/E/trash_dataset/camera1_plastics_shareable_dataset/audio_video_clips/GX010025/GX010025__000869.220__000870.140.mp4
35,other unnumbered,other unnumbered,2,meta2,GX010023,Other Unnumbered Containers & Fragments,/media/jisha/E/trash_dataset/camera1_plastics_shareable_dataset/audio_video_clips/GX010023/GX010023__000697.100__000698.360.mp4
36,4,4.,1,meta2,GX020025,Containers #3-7 (Not #5),/media/jisha/E/trash_dataset/camera1_plastics_shareable_dataset/audio_video_clips/GX020025/GX020025__000274.860__000277.560.mp4
37,a number,A number.,1,meta2,GX020025,Other Unnumbered Containers & Fragments,/media/jisha/E/trash_dataset/camera1_plastics_shareable_dataset/audio_video_clips/GX020025/GX020025__000048.580__000050.340.mp4
38,black,Black.,1,meta2,GX020023,Black Plastic Containers,/media/jisha/E/trash_dataset/camera1_plastics_shareable_dataset/audio_video_clips/GX020023/GX020023__000721.280__000722.200.mp4
39,black plastic two are one,black plastic two are one,1,meta2,GX010025,Black Plastic Containers,/media/jisha/E/trash_dataset/camera1_plastics_shareable_dataset/audio_video_clips/GX010025/GX010025__000807.560__000810.580.mp4
40,bulky rigid,Bulky rigid,1,meta2,GX010023,Other Rigid/Bulky Plastics,/media/jisha/E/trash_dataset/camera1_plastics_shareable_dataset/audio_video_clips/GX010023/GX010023__000542.580__000545.380.mp4
41,clam,Clam,1,meta2,GX010025,Containers #1/Clamshells,/media/jisha/E/trash_dataset/camera1_plastics_shareable_dataset/audio_video_clips/GX010025/GX010025__000881.240__000882.640.mp4
42,clamp shell,clamp shell,1,meta2,GX010025,Containers #1/Clamshells,/media/jisha/E/trash_dataset/camera1_plastics_shareable_dataset/audio_video_clips/GX010025/GX010025__000800.440__000807.560.mp4
43,deposit aluminum container or film,Deposit aluminum container or film.,1,meta2,GX010023,Other Plastic Film,/media/jisha/E/trash_dataset/camera1_plastics_shareable_dataset/audio_video_clips/GX010023/GX010023__000951.840__000954.020.mp4
44,dissolt,Dissolt.,1,meta2,GX010025,Deposit #1 Bottles,/media/jisha/E/trash_dataset/camera1_plastics_shareable_dataset/audio_video_clips/GX010025/GX010025__000879.000__000880.260.mp4
45,do we have other plastic,Do we have other plastic?,1,meta2,GX010023,Other Plastics,/media/jisha/E/trash_dataset/camera1_plastics_shareable_dataset/audio_video_clips/GX010023/GX010023__000112.520__000113.940.mp4
46,film other plastic,film other plastic,1,meta2,GX010024,Other Plastic Film | Other Plastics,/media/jisha/E/trash_dataset/camera1_plastics_shareable_dataset/audio_video_clips/GX010024/GX010024__000395.540__000397.460.mp4
47,film plastic,Film plastic.,1,meta2,GX010023,Other Plastic Film | Other Plastics,/media/jisha/E/trash_dataset/camera1_plastics_shareable_dataset/audio_video_clips/GX010023/GX010023__000172.400__000172.980.mp4
48,five should be,Five should be.,1,meta2,GX020023,Containers #5/PP,/media/jisha/E/trash_dataset/camera1_plastics_shareable_dataset/audio_video_clips/GX020023/GX020023__000303.300__000304.440.mp4
49,fly plastic,Fly plastic.,1,meta2,GX010025,Black Plastic Containers,/media/jisha/E/trash_dataset/camera1_plastics_shareable_dataset/audio_video_clips/GX010025/GX010025__000517.480__000518.400.mp4
50,foil clamshell garbage bag yeah,foil clamshell garbage bag yeah,1,meta2,GX010024,Containers #1/Clamshells | Garbage Bags,/media/jisha/E/trash_dataset/camera1_plastics_shareable_dataset/audio_video_clips/GX010024/GX010024__000328.040__000334.620.mp4
51,i can t say one unnumbered,"I can't say one unnumbered,",1,meta2,GX010023,Other Unnumbered Containers & Fragments,/media/jisha/E/trash_dataset/camera1_plastics_shareable_dataset/audio_video_clips/GX010023/GX010023__000858.800__000861.820.mp4
52,i don t know that s a five,I don't know that's a five,1,meta2,GX010024,Containers #5/PP,/media/jisha/E/trash_dataset/camera1_plastics_shareable_dataset/audio_video_clips/GX010024/GX010024__000405.340__000407.400.mp4
53,if you find numbers,"If you find numbers,",1,meta2,GX010023,Other Unnumbered Containers & Fragments,/media/jisha/E/trash_dataset/camera1_plastics_shareable_dataset/audio_video_clips/GX010023/GX010023__000940.920__000942.580.mp4
54,it doesn t have number,It doesn't have number.,1,meta2,GX010023,Other Unnumbered Containers & Fragments,/media/jisha/E/trash_dataset/camera1_plastics_shareable_dataset/audio_video_clips/GX010023/GX010023__000913.900__000915.340.mp4
55,it looks like all two natural,"It looks like all two natural,",1,meta2,GX010025,Containers #2 Natural,/media/jisha/E/trash_dataset/camera1_plastics_shareable_dataset/audio_video_clips/GX010025/GX010025__000630.940__000633.320.mp4
56,it s five,it's five.,1,meta2,GX010025,Containers #5/PP,/media/jisha/E/trash_dataset/camera1_plastics_shareable_dataset/audio_video_clips/GX010025/GX010025__000635.960__000636.240.mp4
57,it s light purple,It's light purple.,1,meta2,GX010023,Containers #2 Colored,/media/jisha/E/trash_dataset/camera1_plastics_shareable_dataset/audio_video_clips/GX010023/GX010023__000147.480__000148.120.mp4
58,it says one right there,It says one right there.,1,meta2,GX010023,Other #1 Bottles,/media/jisha/E/trash_dataset/camera1_plastics_shareable_dataset/audio_video_clips/GX010023/GX010023__000059.620__000060.960.mp4
59,just a number,Just a number.,1,meta2,GX010023,Other Unnumbered Containers & Fragments,/media/jisha/E/trash_dataset/camera1_plastics_shareable_dataset/audio_video_clips/GX010023/GX010023__000915.640__000916.620.mp4
60,lid,"Lid,",1,meta2,GX010023,Containers #1/Clamshells,/media/jisha/E/trash_dataset/camera1_plastics_shareable_dataset/audio_video_clips/GX010023/GX010023__000696.400__000696.960.mp4
61,like a lid that you can screw on,Like a lid that you can screw on,1,meta2,GX010023,Deposit #1 Bottles,/media/jisha/E/trash_dataset/camera1_plastics_shareable_dataset/audio_video_clips/GX010023/GX010023__000674.320__000676.680.mp4
62,no,No.,1,meta2,GX010023,Containers #1/Clamshells,/media/jisha/E/trash_dataset/camera1_plastics_shareable_dataset/audio_video_clips/GX010023/GX010023__000226.500__000226.940.mp4
63,non - deposit one,Non - deposit one.,1,meta2,GX010024,Other #1 Bottles,/media/jisha/E/trash_dataset/camera1_plastics_shareable_dataset/audio_video_clips/GX010024/GX010024__000659.480__000660.780.mp4
64,non -deposit garbage bag,non -deposit garbage bag,1,meta2,GX010024,Garbage Bags | Non-Deposit,/media/jisha/E/trash_dataset/camera1_plastics_shareable_dataset/audio_video_clips/GX010024/GX010024__000408.500__000411.980.mp4
65,number 4,Number 4.,1,meta2,GX010023,Containers #3-7 (Not #5),/media/jisha/E/trash_dataset/camera1_plastics_shareable_dataset/audio_video_clips/GX010023/GX010023__000933.260__000933.880.mp4
66,number 5,Number 5.,1,meta2,GX010023,Containers #5/PP,/media/jisha/E/trash_dataset/camera1_plastics_shareable_dataset/audio_video_clips/GX010023/GX010023__000015.000__000020.260.mp4
67,number one clamshell oh black plastic,number one clamshell oh black plastic,1,meta2,GX010023,Containers #1/Clamshells,/media/jisha/E/trash_dataset/camera1_plastics_shareable_dataset/audio_video_clips/GX010023/GX010023__000300.420__000304.740.mp4
68,number six,"Number six,",1,meta2,GX010025,Containers #3-7 (Not #5),/media/jisha/E/trash_dataset/camera1_plastics_shareable_dataset/audio_video_clips/GX010025/GX010025__000833.740__000835.340.mp4
69,number two natural colored,number two natural colored,1,meta2,GX010023,Containers #2 Colored,/media/jisha/E/trash_dataset/camera1_plastics_shareable_dataset/audio_video_clips/GX010023/GX010023__000572.180__000577.200.mp4
70,one,ONE.,1,meta2,GX010024,Containers #1/Clamshells,/media/jisha/E/trash_dataset/camera1_plastics_shareable_dataset/audio_video_clips/GX010024/GX010024__000662.860__000663.360.mp4
71,one clam shell,One clam shell.,1,meta2,GX020025,Containers #1/Clamshells,/media/jisha/E/trash_dataset/camera1_plastics_shareable_dataset/audio_video_clips/GX020025/GX020025__000202.000__000203.740.mp4
72,one corn shell,One corn shell.,1,meta2,GX010024,Containers #1/Clamshells,/media/jisha/E/trash_dataset/camera1_plastics_shareable_dataset/audio_video_clips/GX010024/GX010024__000485.020__000485.520.mp4
73,one non -depos,One non -depos...,1,meta2,GX010023,Other #1 Bottles,/media/jisha/E/trash_dataset/camera1_plastics_shareable_dataset/audio_video_clips/GX010023/GX010023__000983.180__000984.360.mp4
74,one non -deposit here,One non -deposit here.,1,meta2,GX020023,Other #1 Bottles,/media/jisha/E/trash_dataset/camera1_plastics_shareable_dataset/audio_video_clips/GX020023/GX020023__000681.300__000682.560.mp4
75,one non deposit,one non deposit,1,meta2,GX010024,Other #1 Bottles,/media/jisha/E/trash_dataset/camera1_plastics_shareable_dataset/audio_video_clips/GX010024/GX010024__000319.720__000322.160.mp4
76,one on deposit,One on deposit.,1,meta2,GX010024,Deposit #1 Bottles,/media/jisha/E/trash_dataset/camera1_plastics_shareable_dataset/audio_video_clips/GX010024/GX010024__000260.020__000260.980.mp4
77,one other deposit,One other deposit.,1,meta2,GX020023,Other #1 Bottles,/media/jisha/E/trash_dataset/camera1_plastics_shareable_dataset/audio_video_clips/GX020023/GX020023__000547.040__000547.880.mp4
78,one other plastic,One other plastic.,1,meta2,GX010025,Other Plastics,/media/jisha/E/trash_dataset/camera1_plastics_shareable_dataset/audio_video_clips/GX010025/GX010025__000963.000__000963.680.mp4
79,one unnumbered,One unnumbered.,1,meta2,GX010023,Other Unnumbered Containers & Fragments,/media/jisha/E/trash_dataset/camera1_plastics_shareable_dataset/audio_video_clips/GX010023/GX010023__000852.380__000853.780.mp4
80,or two colors,or two colors.,1,meta2,GX010025,Containers #2 Colored,/media/jisha/E/trash_dataset/camera1_plastics_shareable_dataset/audio_video_clips/GX010025/GX010025__000633.620__000634.200.mp4
81,other non -deposited,Other non -deposited,1,meta2,GX010023,Non-Deposit,/media/jisha/E/trash_dataset/camera1_plastics_shareable_dataset/audio_video_clips/GX010023/GX010023__000730.540__000733.840.mp4
82,other non -deposits,Other non -deposits.,1,meta2,GX020023,Non-Deposit,/media/jisha/E/trash_dataset/camera1_plastics_shareable_dataset/audio_video_clips/GX020023/GX020023__000090.500__000092.120.mp4
83,other recyclable containers,other recyclable containers.,1,meta2,GX020023,Other Unnumbered Containers & Fragments,/media/jisha/E/trash_dataset/camera1_plastics_shareable_dataset/audio_video_clips/GX020023/GX020023__000005.020__000007.600.mp4
84,plastic,plastic,1,meta2,GX010024,Plastic,/media/jisha/E/trash_dataset/camera1_plastics_shareable_dataset/audio_video_clips/GX010024/GX010024__000950.440__000951.120.mp4
85,plastic film,Plastic film.,1,meta2,GX020023,Other Plastic Film,/media/jisha/E/trash_dataset/camera1_plastics_shareable_dataset/audio_video_clips/GX020023/GX020023__000273.800__000275.040.mp4
86,probably deposit,Probably deposit.,1,meta2,GX010023,Deposit #1 Bottles,/media/jisha/E/trash_dataset/camera1_plastics_shareable_dataset/audio_video_clips/GX010023/GX010023__000085.120__000085.540.mp4
87,runstre,Runstre,1,meta2,GX010025,Containers #1/Clamshells,/media/jisha/E/trash_dataset/camera1_plastics_shareable_dataset/audio_video_clips/GX010025/GX010025__001021.920__001022.360.mp4
88,six two through seven,six two through seven,1,meta2,GX010024,Containers #3-7 (Not #5),/media/jisha/E/trash_dataset/camera1_plastics_shareable_dataset/audio_video_clips/GX010024/GX010024__000435.640__000437.480.mp4
89,there is one non -deposit,There is one non -deposit.,1,meta2,GX020023,Other #1 Bottles,/media/jisha/E/trash_dataset/camera1_plastics_shareable_dataset/audio_video_clips/GX020023/GX020023__000777.520__000779.720.mp4
90,these are one,these are one.,1,meta2,GX010023,Other #1 Bottles,/media/jisha/E/trash_dataset/camera1_plastics_shareable_dataset/audio_video_clips/GX010023/GX010023__000057.620__000058.200.mp4
91,this is plastic,This is plastic.,1,meta2,GX020023,Plastic,/media/jisha/E/trash_dataset/camera1_plastics_shareable_dataset/audio_video_clips/GX020023/GX020023__000898.200__000899.060.mp4
92,three three seven,Three three seven,1,meta2,GX020023,Containers #3-7 (Not #5),/media/jisha/E/trash_dataset/camera1_plastics_shareable_dataset/audio_video_clips/GX020023/GX020023__000264.080__000265.420.mp4
93,three to seven,three to seven,1,meta2,GX010024,Containers #3-7 (Not #5),/media/jisha/E/trash_dataset/camera1_plastics_shareable_dataset/audio_video_clips/GX010024/GX010024__000400.620__000401.940.mp4
94,too natural,Too natural.,1,meta2,GX020023,Containers #2 Natural,/media/jisha/E/trash_dataset/camera1_plastics_shareable_dataset/audio_video_clips/GX020023/GX020023__000047.780__000048.560.mp4
95,two color black plastic two are one deposit,two color black plastic two are one deposit,1,meta2,GX010025,Containers #2 Colored | Deposit #1 Bottles,/media/jisha/E/trash_dataset/camera1_plastics_shareable_dataset/audio_video_clips/GX010025/GX010025__000729.840__000736.340.mp4
96,two color non -deposit one non -deposit one,two color non -deposit one non -deposit one,1,meta2,GX010025,Containers #2 Colored | Other #1 Bottles,/media/jisha/E/trash_dataset/camera1_plastics_shareable_dataset/audio_video_clips/GX010025/GX010025__000745.660__000753.540.mp4
97,two colored,Two colored.,1,meta2,GX010023,Containers #2 Colored,/media/jisha/E/trash_dataset/camera1_plastics_shareable_dataset/audio_video_clips/GX010023/GX010023__000475.860__000476.940.mp4
98,two colored non -deposit number one,"Two colored non -deposit number one,",1,meta2,GX010023,Containers #2 Colored | Other #1 Bottles,/media/jisha/E/trash_dataset/camera1_plastics_shareable_dataset/audio_video_clips/GX010023/GX010023__000566.930__000570.460.mp4
99,two naps,two naps,1,meta2,GX010025,Containers #2 Natural,/media/jisha/E/trash_dataset/camera1_plastics_shareable_dataset/audio_video_clips/GX010025/GX010025__000810.580__000815.580.mp4
100,un -deposit,un -deposit,1,meta2,GX010024,Non-Deposit,/media/jisha/E/trash_dataset/camera1_plastics_shareable_dataset/audio_video_clips/GX010024/GX010024__000933.920__000936.280.mp4
101,under posit one down to positive,Under posit one down to positive.,1,meta2,GX010024,Non-Deposit,/media/jisha/E/trash_dataset/camera1_plastics_shareable_dataset/audio_video_clips/GX010024/GX010024__000799.920__000801.960.mp4
102,unnumbered black plastic,unnumbered black plastic,1,meta2,GX010025,Black Plastic Containers | Other Unnumbered Containers & Fragments,/media/jisha/E/trash_dataset/camera1_plastics_shareable_dataset/audio_video_clips/GX010025/GX010025__000720.180__000723.620.mp4
103,unnumbered container,Unnumbered container.,1,meta2,GX010023,Other Unnumbered Containers & Fragments,/media/jisha/E/trash_dataset/camera1_plastics_shareable_dataset/audio_video_clips/GX010023/GX010023__000916.820__000917.440.mp4
104,we consider that a bottle,We consider that a bottle,1,meta2,GX010023,Other #1 Bottles,/media/jisha/E/trash_dataset/camera1_plastics_shareable_dataset/audio_video_clips/GX010023/GX010023__000676.680__000677.960.mp4
