segment_version,base_preset,preset,output_dir,top_1_success_rate,top_3_success_rate,top_5_success_rate
v1,late_fusion_efficientnet_whisper_crop,late_fusion_efficientnet_whisper_crop_seg_v1,late_fusion_efficientnet_whisper_crop_seg_v1,25.86,56.22,69.62
v2,late_fusion_efficientnet_whisper_crop,late_fusion_efficientnet_whisper_crop_seg_v2,late_fusion_efficientnet_whisper_crop_seg_v2,33.69,62.61,72.5
v3,late_fusion_efficientnet_whisper_crop,late_fusion_efficientnet_whisper_crop_seg_v3,late_fusion_efficientnet_whisper_crop_seg_v3,58.22,77.73,84.79
v4,late_fusion_efficientnet_whisper_crop,late_fusion_efficientnet_whisper_crop_seg_v4,late_fusion_efficientnet_whisper_crop_seg_v4,53.19,75.3,83.04
v5,late_fusion_efficientnet_whisper_crop,late_fusion_efficientnet_whisper_crop_seg_v5,late_fusion_efficientnet_whisper_crop_seg_v5,59.98,78.07,84.82
v6,late_fusion_efficientnet_whisper_crop,late_fusion_efficientnet_whisper_crop_seg_v6,late_fusion_efficientnet_whisper_crop_seg_v6,54.44,75.3,82.7
v7,late_fusion_efficientnet_whisper_crop,late_fusion_efficientnet_whisper_crop_seg_v7,late_fusion_efficientnet_whisper_crop_seg_v7,68.72,81.83,86.42
v8,late_fusion_efficientnet_whisper_crop,late_fusion_efficientnet_whisper_crop_seg_v8,late_fusion_efficientnet_whisper_crop_seg_v8,58.31,77.81,84.99
v9,late_fusion_efficientnet_whisper_crop,late_fusion_efficientnet_whisper_crop_seg_v9,late_fusion_efficientnet_whisper_crop_seg_v9,64.75,79.45,84.79
v10,late_fusion_efficientnet_whisper_crop,late_fusion_efficientnet_whisper_crop_seg_v10,late_fusion_efficientnet_whisper_crop_seg_v10,66.14,80.33,85.3
v11,late_fusion_efficientnet_whisper_crop,late_fusion_efficientnet_whisper_crop_seg_v11,late_fusion_efficientnet_whisper_crop_seg_v11,68.91,81.73,86.27
v12,late_fusion_efficientnet_whisper_crop,late_fusion_efficientnet_whisper_crop_seg_v12,late_fusion_efficientnet_whisper_crop_seg_v12,66.17,80.24,85.19
v13,late_fusion_efficientnet_whisper_crop,late_fusion_efficientnet_whisper_crop_seg_v13,late_fusion_efficientnet_whisper_crop_seg_v13,66.88,82.11,86.93
v14,late_fusion_efficientnet_whisper_crop,late_fusion_efficientnet_whisper_crop_seg_v14,late_fusion_efficientnet_whisper_crop_seg_v14,67.63,82.26,86.93
v15,late_fusion_efficientnet_whisper_crop,late_fusion_efficientnet_whisper_crop_seg_v15,late_fusion_efficientnet_whisper_crop_seg_v15,69.97,81.76,86.36
v16,late_fusion_efficientnet_whisper_crop,late_fusion_efficientnet_whisper_crop_seg_v16,late_fusion_efficientnet_whisper_crop_seg_v16,66.84,82.01,86.89
