phrase,n_frames
One non -deposit.,240
Clamshell.,173
Unnumbered.,167
Other plastic.,153
Number five.,137
Five.,119
Black plastic.,115
Two color.,81
Non -deposit one.,76
One deposit.,64
One non -deposit,64
clamp shell,63
one non -deposit,62
two naps,58
Non -deposit.,57
Number one non -deposit.,56
Two natural.,55
Non -deposit number one.,52
black plastic,50
two color non -deposit one non -deposit one,49
Deposit number one.,45
One clamshell.,41
Other plastic,38
number two natural colored,36
4.,34
Number one clamshell.,32
Other one.,31
Number five,29
unnumbered,29
non -deposit one,29
