segment_version,phase,phase_order,base_preset,method,description,aggregation_policy,aggregation_label,n_groups,n_frames_meta2,n_frames_evaluated,mask_success_rate,class_success_rate,class_given_mask_rate,pipeline_success_rate,iou_zero_class_ok_rate,maskless_class_ok_rate,final_probability,adjusted_final_probability
v1,Phase1_Backbone,1,clip_linear_probe_crop,CLIP linear probe,"Hand-guided ROI; select in-hand max containment, else largest bbox",any_frame_any_bbox,Any frame (class) + any frame bbox (mask),463,1640,1640,50.76,36.5,52.77,21.6,20.3,14.9,26.78,21.6
v1,Phase1_Backbone,1,clip_lora_crop,CLIP LoRA,"Hand-guided ROI; select in-hand max containment, else largest bbox",any_frame_any_bbox,Any frame (class) + any frame bbox (mask),463,1640,1640,50.76,37.15,54.04,22.03,20.52,15.12,27.43,22.03
v1,Phase1_Backbone,1,efficientnet_b0_crop,EfficientNet-B0,"Hand-guided ROI; select in-hand max containment, else largest bbox",any_frame_any_bbox,Any frame (class) + any frame bbox (mask),463,1640,1640,50.76,40.39,60.85,25.27,20.95,15.12,30.89,25.27
v1,Phase1_Backbone,1,late_fusion_clip_whisper_crop,Late fusion (CLIP),"Hand-guided ROI; select in-hand max containment, else largest bbox",any_frame_any_bbox,Any frame (class) + any frame bbox (mask),463,1640,1640,50.76,74.73,80.43,36.5,63.71,38.23,40.82,36.5
v1,Phase1_Backbone,1,late_fusion_efficientnet_whisper_crop,Late fusion (EfficientNet),"Hand-guided ROI; select in-hand max containment, else largest bbox",any_frame_any_bbox,Any frame (class) + any frame bbox (mask),463,1640,1640,50.76,54.0,69.79,29.59,36.93,24.41,35.42,29.59
v1,Phase1_Backbone,1,siglip_linear_probe_crop,SigLIP linear probe,"Hand-guided ROI; select in-hand max containment, else largest bbox",any_frame_any_bbox,Any frame (class) + any frame bbox (mask),463,1640,1640,50.76,39.09,56.17,22.46,21.81,16.63,28.51,22.46
v1,Phase1_Backbone,1,siglip_lora_crop,SigLIP LoRA,"Hand-guided ROI; select in-hand max containment, else largest bbox",any_frame_any_bbox,Any frame (class) + any frame bbox (mask),463,1640,1640,50.76,37.58,54.89,23.54,19.65,14.04,27.86,23.54
v2,Phase1_Backbone,1,clip_linear_probe_crop,CLIP linear probe,Full-image plastic detection; SAM score Top-1,any_frame_any_bbox,Any frame (class) + any frame bbox (mask),463,1640,1640,39.09,38.01,64.64,22.68,18.57,15.33,25.27,22.68
v2,Phase1_Backbone,1,clip_lora_crop,CLIP LoRA,Full-image plastic detection; SAM score Top-1,any_frame_any_bbox,Any frame (class) + any frame bbox (mask),463,1640,1640,39.09,39.52,72.38,25.92,18.79,13.61,28.29,25.92
v2,Phase1_Backbone,1,efficientnet_b0_crop,EfficientNet-B0,Full-image plastic detection; SAM score Top-1,any_frame_any_bbox,Any frame (class) + any frame bbox (mask),463,1640,1640,39.09,44.28,81.22,30.89,18.79,13.39,31.75,30.89
v2,Phase1_Backbone,1,late_fusion_clip_whisper_crop,Late fusion (CLIP),Full-image plastic detection; SAM score Top-1,any_frame_any_bbox,Any frame (class) + any frame bbox (mask),463,1640,1640,39.09,78.4,90.61,34.13,59.4,44.28,35.42,34.13
v2,Phase1_Backbone,1,late_fusion_efficientnet_whisper_crop,Late fusion (EfficientNet),Full-image plastic detection; SAM score Top-1,any_frame_any_bbox,Any frame (class) + any frame bbox (mask),463,1640,1640,39.09,53.35,83.43,31.75,29.16,21.6,32.61,31.75
v2,Phase1_Backbone,1,siglip_linear_probe_crop,SigLIP linear probe,Full-image plastic detection; SAM score Top-1,any_frame_any_bbox,Any frame (class) + any frame bbox (mask),463,1640,1640,39.09,31.75,59.67,21.6,13.82,10.15,23.33,21.6
v2,Phase1_Backbone,1,siglip_lora_crop,SigLIP LoRA,Full-image plastic detection; SAM score Top-1,any_frame_any_bbox,Any frame (class) + any frame bbox (mask),463,1640,1640,39.09,36.29,64.09,23.76,17.71,12.53,25.05,23.76
v3,Phase2_MaskSelect,2,clip_linear_probe_crop,CLIP linear probe,v1 detections; SAM score Top-1 from all plastic candidates,any_frame_any_bbox,Any frame (class) + any frame bbox (mask),463,1640,1640,74.08,56.37,69.68,49.24,15.33,7.13,51.62,49.24
v3,Phase2_MaskSelect,2,clip_lora_crop,CLIP LoRA,v1 detections; SAM score Top-1 from all plastic candidates,any_frame_any_bbox,Any frame (class) + any frame bbox (mask),463,1640,1640,74.08,57.45,70.55,50.32,16.63,7.13,52.27,50.32
v3,Phase2_MaskSelect,2,efficientnet_b0_crop,EfficientNet-B0,v1 detections; SAM score Top-1 from all plastic candidates,any_frame_any_bbox,Any frame (class) + any frame bbox (mask),463,1640,1640,74.08,66.52,83.38,59.61,15.98,6.91,61.77,59.61
v3,Phase2_MaskSelect,2,late_fusion_clip_whisper_crop,Late fusion (CLIP),v1 detections; SAM score Top-1 from all plastic candidates,any_frame_any_bbox,Any frame (class) + any frame bbox (mask),463,1640,1640,74.08,81.86,86.88,62.42,44.49,19.44,64.36,62.42
v3,Phase2_MaskSelect,2,late_fusion_efficientnet_whisper_crop,Late fusion (EfficientNet),v1 detections; SAM score Top-1 from all plastic candidates,any_frame_any_bbox,Any frame (class) + any frame bbox (mask),463,1640,1640,74.08,74.08,87.17,61.99,26.13,12.1,64.58,61.99
v3,Phase2_MaskSelect,2,siglip_linear_probe_crop,SigLIP linear probe,v1 detections; SAM score Top-1 from all plastic candidates,any_frame_any_bbox,Any frame (class) + any frame bbox (mask),463,1640,1640,74.08,56.16,68.51,48.6,15.33,7.56,50.76,48.6
v3,Phase2_MaskSelect,2,siglip_lora_crop,SigLIP LoRA,v1 detections; SAM score Top-1 from all plastic candidates,any_frame_any_bbox,Any frame (class) + any frame bbox (mask),463,1640,1640,74.08,58.1,70.26,49.68,15.55,8.42,52.05,49.68
v4,Phase2_MaskSelect,2,clip_linear_probe_crop,CLIP linear probe,Same masks as v3; pixel masking crop at classification time,any_frame_any_bbox,Any frame (class) + any frame bbox (mask),463,1640,1640,74.08,45.79,53.94,37.15,15.33,8.64,39.96,37.15
v4,Phase2_MaskSelect,2,clip_lora_crop,CLIP LoRA,Same masks as v3; pixel masking crop at classification time,any_frame_any_bbox,Any frame (class) + any frame bbox (mask),463,1640,1640,74.08,47.52,56.56,38.44,15.12,9.07,41.9,38.44
v4,Phase2_MaskSelect,2,efficientnet_b0_crop,EfficientNet-B0,Same masks as v3; pixel masking crop at classification time,any_frame_any_bbox,Any frame (class) + any frame bbox (mask),463,1640,1640,74.08,61.34,77.26,55.29,13.39,6.05,57.24,55.29
v4,Phase2_MaskSelect,2,late_fusion_clip_whisper_crop,Late fusion (CLIP),Same masks as v3; pixel masking crop at classification time,any_frame_any_bbox,Any frame (class) + any frame bbox (mask),463,1640,1640,74.08,79.7,83.97,59.61,44.49,20.09,62.2,59.61
v4,Phase2_MaskSelect,2,late_fusion_efficientnet_whisper_crop,Late fusion (EfficientNet),Same masks as v3; pixel masking crop at classification time,any_frame_any_bbox,Any frame (class) + any frame bbox (mask),463,1640,1640,74.08,68.9,83.38,59.83,21.81,9.07,61.77,59.83
v4,Phase2_MaskSelect,2,siglip_linear_probe_crop,SigLIP linear probe,Same masks as v3; pixel masking crop at classification time,any_frame_any_bbox,Any frame (class) + any frame bbox (mask),463,1640,1640,74.08,44.71,53.94,37.37,12.1,7.34,39.96,37.37
v4,Phase2_MaskSelect,2,siglip_lora_crop,SigLIP LoRA,Same masks as v3; pixel masking crop at classification time,any_frame_any_bbox,Any frame (class) + any frame bbox (mask),463,1640,1640,74.08,47.3,53.94,37.37,17.06,9.94,39.96,37.37
v5,Phase2_MaskSelect,2,clip_linear_probe_crop,CLIP linear probe,"v1 in-hand score Top-1, else v2 full-image Top-1 fallback",any_frame_any_bbox,Any frame (class) + any frame bbox (mask),463,1640,1640,76.03,57.24,70.17,50.97,14.69,6.26,53.35,50.97
v5,Phase2_MaskSelect,2,clip_lora_crop,CLIP LoRA,"v1 in-hand score Top-1, else v2 full-image Top-1 fallback",any_frame_any_bbox,Any frame (class) + any frame bbox (mask),463,1640,1640,76.03,60.04,73.3,53.35,15.77,6.7,55.72,53.35
v5,Phase2_MaskSelect,2,efficientnet_b0_crop,EfficientNet-B0,"v1 in-hand score Top-1, else v2 full-image Top-1 fallback",any_frame_any_bbox,Any frame (class) + any frame bbox (mask),463,1640,1640,76.03,70.19,85.23,62.85,15.98,7.34,64.79,62.85
v5,Phase2_MaskSelect,2,late_fusion_clip_whisper_crop,Late fusion (CLIP),"v1 in-hand score Top-1, else v2 full-image Top-1 fallback",any_frame_any_bbox,Any frame (class) + any frame bbox (mask),463,1640,1640,76.03,82.51,86.36,64.15,42.55,18.36,65.66,64.15
v5,Phase2_MaskSelect,2,late_fusion_efficientnet_whisper_crop,Late fusion (EfficientNet),"v1 in-hand score Top-1, else v2 full-image Top-1 fallback",any_frame_any_bbox,Any frame (class) + any frame bbox (mask),463,1640,1640,76.03,76.67,88.92,65.23,24.41,11.45,67.6,65.23
v5,Phase2_MaskSelect,2,siglip_linear_probe_crop,SigLIP linear probe,"v1 in-hand score Top-1, else v2 full-image Top-1 fallback",any_frame_any_bbox,Any frame (class) + any frame bbox (mask),463,1640,1640,76.03,54.86,68.18,49.89,12.74,4.97,51.84,49.89
v5,Phase2_MaskSelect,2,siglip_lora_crop,SigLIP LoRA,"v1 in-hand score Top-1, else v2 full-image Top-1 fallback",any_frame_any_bbox,Any frame (class) + any frame bbox (mask),463,1640,1640,76.03,58.1,70.74,51.4,13.39,6.7,53.78,51.4
v6,Phase2_MaskSelect,2,clip_linear_probe_crop,CLIP linear probe,Same masks as v5; pixel masking crop at classification time,any_frame_any_bbox,Any frame (class) + any frame bbox (mask),463,1640,1640,76.03,46.65,53.98,38.66,14.69,7.99,41.04,38.66
v6,Phase2_MaskSelect,2,clip_lora_crop,CLIP LoRA,Same masks as v5; pixel masking crop at classification time,any_frame_any_bbox,Any frame (class) + any frame bbox (mask),463,1640,1640,76.03,47.08,55.97,40.82,13.61,6.26,42.55,40.82
v6,Phase2_MaskSelect,2,efficientnet_b0_crop,EfficientNet-B0,Same masks as v5; pixel masking crop at classification time,any_frame_any_bbox,Any frame (class) + any frame bbox (mask),463,1640,1640,76.03,63.93,77.84,57.67,13.61,6.26,59.18,57.67
v6,Phase2_MaskSelect,2,late_fusion_clip_whisper_crop,Late fusion (CLIP),Same masks as v5; pixel masking crop at classification time,any_frame_any_bbox,Any frame (class) + any frame bbox (mask),463,1640,1640,76.03,80.78,83.81,61.99,42.33,18.79,63.71,61.99
v6,Phase2_MaskSelect,2,late_fusion_efficientnet_whisper_crop,Late fusion (EfficientNet),Same masks as v5; pixel masking crop at classification time,any_frame_any_bbox,Any frame (class) + any frame bbox (mask),463,1640,1640,76.03,71.27,84.66,62.2,19.87,9.07,64.36,62.2
v6,Phase2_MaskSelect,2,siglip_linear_probe_crop,SigLIP linear probe,Same masks as v5; pixel masking crop at classification time,any_frame_any_bbox,Any frame (class) + any frame bbox (mask),463,1640,1640,76.03,43.2,52.56,38.44,8.86,4.75,39.96,38.44
v6,Phase2_MaskSelect,2,siglip_lora_crop,SigLIP LoRA,Same masks as v5; pixel masking crop at classification time,any_frame_any_bbox,Any frame (class) + any frame bbox (mask),463,1640,1640,76.03,46.65,54.55,39.09,14.04,7.56,41.47,39.09
v8,Phase2_MaskSelect,2,clip_linear_probe_crop,CLIP linear probe,Same masks as v5; bbox crop with 15% padding,any_frame_any_bbox,Any frame (class) + any frame bbox (mask),463,1640,1640,76.03,53.56,64.49,47.08,13.61,6.48,49.03,47.08
v8,Phase2_MaskSelect,2,clip_lora_crop,CLIP LoRA,Same masks as v5; bbox crop with 15% padding,any_frame_any_bbox,Any frame (class) + any frame bbox (mask),463,1640,1640,76.03,54.43,64.77,47.3,14.25,7.13,49.24,47.3
v8,Phase2_MaskSelect,2,efficientnet_b0_crop,EfficientNet-B0,Same masks as v5; bbox crop with 15% padding,any_frame_any_bbox,Any frame (class) + any frame bbox (mask),463,1640,1640,76.03,66.74,82.67,61.12,14.69,5.62,62.85,61.12
v8,Phase2_MaskSelect,2,late_fusion_clip_whisper_crop,Late fusion (CLIP),Same masks as v5; bbox crop with 15% padding,any_frame_any_bbox,Any frame (class) + any frame bbox (mask),463,1640,1640,76.03,84.45,88.35,65.23,43.63,19.22,67.17,65.23
v8,Phase2_MaskSelect,2,late_fusion_efficientnet_whisper_crop,Late fusion (EfficientNet),Same masks as v5; bbox crop with 15% padding,any_frame_any_bbox,Any frame (class) + any frame bbox (mask),463,1640,1640,76.03,74.3,88.07,64.58,22.46,9.72,66.95,64.58
v8,Phase2_MaskSelect,2,siglip_linear_probe_crop,SigLIP linear probe,Same masks as v5; bbox crop with 15% padding,any_frame_any_bbox,Any frame (class) + any frame bbox (mask),463,1640,1640,76.03,54.64,66.48,48.16,14.04,6.48,50.54,48.16
v8,Phase2_MaskSelect,2,siglip_lora_crop,SigLIP LoRA,Same masks as v5; bbox crop with 15% padding,any_frame_any_bbox,Any frame (class) + any frame bbox (mask),463,1640,1640,76.03,55.51,66.76,48.81,14.25,6.7,50.76,48.81
v10,Phase3_RerankPool,3,clip_linear_probe_crop,CLIP linear probe,In-hand Top-5 score candidates; classifier confidence rerank,any_frame_any_bbox,Any frame (class) + any frame bbox (mask),463,1640,1640,74.95,60.04,73.2,52.92,15.98,7.13,54.86,52.92
v10,Phase3_RerankPool,3,clip_lora_crop,CLIP LoRA,In-hand Top-5 score candidates; classifier confidence rerank,any_frame_any_bbox,Any frame (class) + any frame bbox (mask),463,1640,1640,75.16,61.12,73.28,52.7,15.77,8.42,55.08,52.7
v10,Phase3_RerankPool,3,efficientnet_b0_crop,EfficientNet-B0,In-hand Top-5 score candidates; classifier confidence rerank,any_frame_any_bbox,Any frame (class) + any frame bbox (mask),463,1640,1640,77.75,75.16,90.56,69.33,14.69,5.83,70.41,69.33
v10,Phase3_RerankPool,3,late_fusion_clip_whisper_crop,Late fusion (CLIP),In-hand Top-5 score candidates; classifier confidence rerank,any_frame_any_bbox,Any frame (class) + any frame bbox (mask),463,1640,1640,78.4,84.02,89.26,68.25,39.31,15.77,69.98,68.25
v10,Phase3_RerankPool,3,late_fusion_efficientnet_whisper_crop,Late fusion (EfficientNet),In-hand Top-5 score candidates; classifier confidence rerank,any_frame_any_bbox,Any frame (class) + any frame bbox (mask),463,1640,1640,80.99,81.21,92.8,73.65,19.44,7.56,75.16,73.65
v10,Phase3_RerankPool,3,siglip_linear_probe_crop,SigLIP linear probe,In-hand Top-5 score candidates; classifier confidence rerank,any_frame_any_bbox,Any frame (class) + any frame bbox (mask),463,1640,1640,77.11,57.02,70.87,52.7,11.02,4.32,54.64,52.7
v10,Phase3_RerankPool,3,siglip_lora_crop,SigLIP LoRA,In-hand Top-5 score candidates; classifier confidence rerank,any_frame_any_bbox,Any frame (class) + any frame bbox (mask),463,1640,1640,76.46,59.18,72.6,55.08,11.88,4.1,55.51,55.08
v7,Phase3_RerankPool,3,clip_linear_probe_crop,CLIP linear probe,Top-5 score candidates from v1; classifier rerank by confidence,any_frame_any_bbox,Any frame (class) + any frame bbox (mask),463,1640,1640,73.43,57.02,71.18,50.76,12.96,6.26,52.27,50.76
v7,Phase3_RerankPool,3,clip_lora_crop,CLIP LoRA,Top-5 score candidates from v1; classifier rerank by confidence,any_frame_any_bbox,Any frame (class) + any frame bbox (mask),463,1640,1640,72.35,58.53,72.84,50.97,14.25,7.56,52.7,50.97
v7,Phase3_RerankPool,3,efficientnet_b0_crop,EfficientNet-B0,Top-5 score candidates from v1; classifier rerank by confidence,any_frame_any_bbox,Any frame (class) + any frame bbox (mask),463,1640,1640,76.24,71.06,89.24,67.39,11.23,3.67,68.03,67.39
v7,Phase3_RerankPool,3,late_fusion_clip_whisper_crop,Late fusion (CLIP),Top-5 score candidates from v1; classifier rerank by confidence,any_frame_any_bbox,Any frame (class) + any frame bbox (mask),463,1640,1640,77.11,79.05,88.24,65.87,33.26,13.17,68.03,65.87
v7,Phase3_RerankPool,3,late_fusion_efficientnet_whisper_crop,Late fusion (EfficientNet),Top-5 score candidates from v1; classifier rerank by confidence,any_frame_any_bbox,Any frame (class) + any frame bbox (mask),463,1640,1640,79.7,77.11,90.79,71.49,16.41,5.62,72.35,71.49
v7,Phase3_RerankPool,3,siglip_linear_probe_crop,SigLIP linear probe,Top-5 score candidates from v1; classifier rerank by confidence,any_frame_any_bbox,Any frame (class) + any frame bbox (mask),463,1640,1640,74.73,54.21,68.5,49.89,9.94,4.32,51.19,49.89
v7,Phase3_RerankPool,3,siglip_lora_crop,SigLIP LoRA,Top-5 score candidates from v1; classifier rerank by confidence,any_frame_any_bbox,Any frame (class) + any frame bbox (mask),463,1640,1640,76.03,56.8,70.45,52.92,10.37,3.89,53.56,52.92
v9,Phase3_RerankPool,3,clip_linear_probe_crop,CLIP linear probe,v5 candidate pool (in-hand + v2 + score-ranked); Top-5 rerank,any_frame_any_bbox,Any frame (class) + any frame bbox (mask),463,1640,1640,74.51,59.61,71.88,51.84,15.77,7.78,53.56,51.84
v9,Phase3_RerankPool,3,clip_lora_crop,CLIP LoRA,v5 candidate pool (in-hand + v2 + score-ranked); Top-5 rerank,any_frame_any_bbox,Any frame (class) + any frame bbox (mask),463,1640,1640,73.43,60.69,73.53,51.62,17.28,9.07,54.0,51.62
v9,Phase3_RerankPool,3,efficientnet_b0_crop,EfficientNet-B0,v5 candidate pool (in-hand + v2 + score-ranked); Top-5 rerank,any_frame_any_bbox,Any frame (class) + any frame bbox (mask),463,1640,1640,77.11,73.65,89.36,68.03,14.25,5.62,68.9,68.03
v9,Phase3_RerankPool,3,late_fusion_clip_whisper_crop,Late fusion (CLIP),v5 candidate pool (in-hand + v2 + score-ranked); Top-5 rerank,any_frame_any_bbox,Any frame (class) + any frame bbox (mask),463,1640,1640,78.19,84.02,88.4,66.95,40.39,17.06,69.11,66.95
v9,Phase3_RerankPool,3,late_fusion_efficientnet_whisper_crop,Late fusion (EfficientNet),v5 candidate pool (in-hand + v2 + score-ranked); Top-5 rerank,any_frame_any_bbox,Any frame (class) + any frame bbox (mask),463,1640,1640,80.56,80.35,91.42,72.35,20.73,7.99,73.65,72.35
v9,Phase3_RerankPool,3,siglip_linear_probe_crop,SigLIP linear probe,v5 candidate pool (in-hand + v2 + score-ranked); Top-5 rerank,any_frame_any_bbox,Any frame (class) + any frame bbox (mask),463,1640,1640,75.81,55.72,68.95,50.54,11.66,5.18,52.27,50.54
v9,Phase3_RerankPool,3,siglip_lora_crop,SigLIP LoRA,v5 candidate pool (in-hand + v2 + score-ranked); Top-5 rerank,any_frame_any_bbox,Any frame (class) + any frame bbox (mask),463,1640,1640,77.11,58.96,71.15,53.56,12.53,5.4,54.86,53.56
v11,Phase4_RerankStrategy,4,clip_linear_probe_crop,CLIP linear probe,Same candidate pool as v7; margin (top1-top2) rerank,any_frame_any_bbox,Any frame (class) + any frame bbox (mask),463,1640,1640,73.43,57.24,71.47,50.76,13.61,6.48,52.48,50.76
v11,Phase4_RerankStrategy,4,clip_lora_crop,CLIP LoRA,Same candidate pool as v7; margin (top1-top2) rerank,any_frame_any_bbox,Any frame (class) + any frame bbox (mask),463,1640,1640,73.22,58.75,73.16,51.84,14.47,6.91,53.56,51.84
v11,Phase4_RerankStrategy,4,efficientnet_b0_crop,EfficientNet-B0,Same candidate pool as v7; margin (top1-top2) rerank,any_frame_any_bbox,Any frame (class) + any frame bbox (mask),463,1640,1640,76.03,69.55,87.78,66.09,10.8,3.46,66.74,66.09
v11,Phase4_RerankStrategy,4,late_fusion_clip_whisper_crop,Late fusion (CLIP),Same candidate pool as v7; margin (top1-top2) rerank,any_frame_any_bbox,Any frame (class) + any frame bbox (mask),463,1640,1640,77.11,78.83,88.52,66.52,34.13,12.31,68.25,66.52
v11,Phase4_RerankStrategy,4,late_fusion_efficientnet_whisper_crop,Late fusion (EfficientNet),Same candidate pool as v7; margin (top1-top2) rerank,any_frame_any_bbox,Any frame (class) + any frame bbox (mask),463,1640,1640,79.48,78.62,91.85,72.14,17.71,6.48,73.0,72.14
v11,Phase4_RerankStrategy,4,siglip_linear_probe_crop,SigLIP linear probe,Same candidate pool as v7; margin (top1-top2) rerank,any_frame_any_bbox,Any frame (class) + any frame bbox (mask),463,1640,1640,74.73,53.35,67.63,49.46,9.94,3.89,50.54,49.46
v11,Phase4_RerankStrategy,4,siglip_lora_crop,SigLIP LoRA,Same candidate pool as v7; margin (top1-top2) rerank,any_frame_any_bbox,Any frame (class) + any frame bbox (mask),463,1640,1640,74.95,56.8,71.47,52.7,11.02,4.1,53.56,52.7
v12,Phase4_RerankStrategy,4,clip_linear_probe_crop,CLIP linear probe,Same candidate pool as v10; margin rerank,any_frame_any_bbox,Any frame (class) + any frame bbox (mask),463,1640,1640,74.73,59.4,72.54,52.48,16.2,6.91,54.21,52.48
v12,Phase4_RerankStrategy,4,clip_lora_crop,CLIP LoRA,Same candidate pool as v10; margin rerank,any_frame_any_bbox,Any frame (class) + any frame bbox (mask),463,1640,1640,74.3,60.69,73.26,52.7,15.77,7.99,54.43,52.7
v12,Phase4_RerankStrategy,4,efficientnet_b0_crop,EfficientNet-B0,Same candidate pool as v10; margin rerank,any_frame_any_bbox,Any frame (class) + any frame bbox (mask),463,1640,1640,77.54,74.73,90.25,69.11,14.47,5.62,69.98,69.11
v12,Phase4_RerankStrategy,4,late_fusion_clip_whisper_crop,Late fusion (CLIP),Same candidate pool as v10; margin rerank,any_frame_any_bbox,Any frame (class) + any frame bbox (mask),463,1640,1640,78.62,83.8,89.01,68.9,40.6,14.9,69.98,68.9
v12,Phase4_RerankStrategy,4,late_fusion_efficientnet_whisper_crop,Late fusion (EfficientNet),Same candidate pool as v10; margin rerank,any_frame_any_bbox,Any frame (class) + any frame bbox (mask),463,1640,1640,80.99,81.86,93.33,73.87,20.09,7.99,75.59,73.87
v12,Phase4_RerankStrategy,4,siglip_linear_probe_crop,SigLIP linear probe,Same candidate pool as v10; margin rerank,any_frame_any_bbox,Any frame (class) + any frame bbox (mask),463,1640,1640,76.46,55.94,70.34,51.84,11.45,4.1,53.78,51.84
v12,Phase4_RerankStrategy,4,siglip_lora_crop,SigLIP LoRA,Same candidate pool as v10; margin rerank,any_frame_any_bbox,Any frame (class) + any frame bbox (mask),463,1640,1640,76.24,58.32,71.95,54.0,12.74,4.32,54.86,54.0
v13,Phase4_RerankStrategy,4,clip_linear_probe_crop,CLIP linear probe,Same pool as v7; composite rerank (0.7 cls conf + 0.3 SAM score),any_frame_any_bbox,Any frame (class) + any frame bbox (mask),463,1640,1640,74.08,56.59,70.85,50.97,12.53,5.62,52.48,50.97
v13,Phase4_RerankStrategy,4,clip_lora_crop,CLIP LoRA,Same pool as v7; composite rerank (0.7 cls conf + 0.3 SAM score),any_frame_any_bbox,Any frame (class) + any frame bbox (mask),463,1640,1640,74.73,59.18,74.28,54.21,11.23,4.97,55.51,54.21
v13,Phase4_RerankStrategy,4,efficientnet_b0_crop,EfficientNet-B0,Same pool as v7; composite rerank (0.7 cls conf + 0.3 SAM score),any_frame_any_bbox,Any frame (class) + any frame bbox (mask),463,1640,1640,76.89,70.63,87.64,65.44,11.23,5.18,67.39,65.44
v13,Phase4_RerankStrategy,4,late_fusion_clip_whisper_crop,Late fusion (CLIP),Same pool as v7; composite rerank (0.7 cls conf + 0.3 SAM score),any_frame_any_bbox,Any frame (class) + any frame bbox (mask),463,1640,1640,76.89,78.19,87.64,65.66,32.61,12.53,67.39,65.66
v13,Phase4_RerankStrategy,4,late_fusion_efficientnet_whisper_crop,Late fusion (EfficientNet),Same pool as v7; composite rerank (0.7 cls conf + 0.3 SAM score),any_frame_any_bbox,Any frame (class) + any frame bbox (mask),463,1640,1640,78.4,76.24,90.63,68.9,15.77,7.34,71.06,68.9
v13,Phase4_RerankStrategy,4,siglip_linear_probe_crop,SigLIP linear probe,Same pool as v7; composite rerank (0.7 cls conf + 0.3 SAM score),any_frame_any_bbox,Any frame (class) + any frame bbox (mask),463,1640,1640,76.67,55.72,68.45,52.05,9.72,3.67,52.48,52.05
v13,Phase4_RerankStrategy,4,siglip_lora_crop,SigLIP LoRA,Same pool as v7; composite rerank (0.7 cls conf + 0.3 SAM score),any_frame_any_bbox,Any frame (class) + any frame bbox (mask),463,1640,1640,76.24,59.4,74.22,55.51,9.72,3.89,56.59,55.51
v14,Phase4_RerankStrategy,4,clip_linear_probe_crop,CLIP linear probe,Same pool as v7; composite margin rerank (0.7 margin + 0.3 SAM score),any_frame_any_bbox,Any frame (class) + any frame bbox (mask),463,1640,1640,74.73,56.8,69.94,50.54,12.74,6.26,52.27,50.54
v14,Phase4_RerankStrategy,4,clip_lora_crop,CLIP LoRA,Same pool as v7; composite margin rerank (0.7 margin + 0.3 SAM score),any_frame_any_bbox,Any frame (class) + any frame bbox (mask),463,1640,1640,75.59,58.53,73.14,54.21,11.23,4.32,55.29,54.21
v14,Phase4_RerankStrategy,4,efficientnet_b0_crop,EfficientNet-B0,Same pool as v7; composite margin rerank (0.7 margin + 0.3 SAM score),any_frame_any_bbox,Any frame (class) + any frame bbox (mask),463,1640,1640,77.97,71.49,88.09,67.17,10.8,4.32,68.68,67.17
v14,Phase4_RerankStrategy,4,late_fusion_clip_whisper_crop,Late fusion (CLIP),Same pool as v7; composite margin rerank (0.7 margin + 0.3 SAM score),any_frame_any_bbox,Any frame (class) + any frame bbox (mask),463,1640,1640,76.67,77.32,87.04,65.23,32.4,12.1,66.74,65.23
v14,Phase4_RerankStrategy,4,late_fusion_efficientnet_whisper_crop,Late fusion (EfficientNet),Same pool as v7; composite margin rerank (0.7 margin + 0.3 SAM score),any_frame_any_bbox,Any frame (class) + any frame bbox (mask),463,1640,1640,78.19,76.46,90.61,68.9,16.85,7.56,70.84,68.9
v14,Phase4_RerankStrategy,4,siglip_linear_probe_crop,SigLIP linear probe,Same pool as v7; composite margin rerank (0.7 margin + 0.3 SAM score),any_frame_any_bbox,Any frame (class) + any frame bbox (mask),463,1640,1640,76.67,55.51,68.17,51.84,9.72,3.67,52.27,51.84
v14,Phase4_RerankStrategy,4,siglip_lora_crop,SigLIP LoRA,Same pool as v7; composite margin rerank (0.7 margin + 0.3 SAM score),any_frame_any_bbox,Any frame (class) + any frame bbox (mask),463,1640,1640,76.03,58.32,73.3,54.86,9.29,3.46,55.72,54.86
v15,Phase4_RerankStrategy,4,clip_linear_probe_crop,CLIP linear probe,Same pool as v7; margin rerank + Whisper category match bonus,any_frame_any_bbox,Any frame (class) + any frame bbox (mask),463,1640,1640,74.3,62.2,76.45,54.64,16.63,7.56,56.8,54.64
v15,Phase4_RerankStrategy,4,clip_lora_crop,CLIP LoRA,Same pool as v7; margin rerank + Whisper category match bonus,any_frame_any_bbox,Any frame (class) + any frame bbox (mask),463,1640,1640,74.08,64.36,78.13,55.94,17.93,8.42,57.88,55.94
v15,Phase4_RerankStrategy,4,efficientnet_b0_crop,EfficientNet-B0,Same pool as v7; margin rerank + Whisper category match bonus,any_frame_any_bbox,Any frame (class) + any frame bbox (mask),463,1640,1640,78.4,73.87,88.71,69.11,13.39,4.75,69.55,69.11
v15,Phase4_RerankStrategy,4,late_fusion_clip_whisper_crop,Late fusion (CLIP),Same pool as v7; margin rerank + Whisper category match bonus,any_frame_any_bbox,Any frame (class) + any frame bbox (mask),463,1640,1640,77.11,80.13,89.64,67.6,34.77,12.53,69.11,67.6
v15,Phase4_RerankStrategy,4,late_fusion_efficientnet_whisper_crop,Late fusion (EfficientNet),Same pool as v7; margin rerank + Whisper category match bonus,any_frame_any_bbox,Any frame (class) + any frame bbox (mask),463,1640,1640,79.27,79.48,92.64,72.79,19.01,6.7,73.43,72.79
v15,Phase4_RerankStrategy,4,siglip_linear_probe_crop,SigLIP linear probe,Same pool as v7; margin rerank + Whisper category match bonus,any_frame_any_bbox,Any frame (class) + any frame bbox (mask),463,1640,1640,75.16,60.26,73.28,54.0,15.12,6.26,55.08,54.0
v15,Phase4_RerankStrategy,4,siglip_lora_crop,SigLIP LoRA,Same pool as v7; margin rerank + Whisper category match bonus,any_frame_any_bbox,Any frame (class) + any frame bbox (mask),463,1640,1640,75.38,61.34,75.07,55.72,14.47,5.62,56.59,55.72
v16,Phase4_RerankStrategy,4,clip_linear_probe_crop,CLIP linear probe,Same pool as v7; geo composite (0.5 margin + 0.3 SAM + 0.2 hand IoU),any_frame_any_bbox,Any frame (class) + any frame bbox (mask),463,1640,1640,74.51,57.02,71.01,51.4,12.31,5.62,52.92,51.4
v16,Phase4_RerankStrategy,4,clip_lora_crop,CLIP LoRA,Same pool as v7; geo composite (0.5 margin + 0.3 SAM + 0.2 hand IoU),any_frame_any_bbox,Any frame (class) + any frame bbox (mask),463,1640,1640,75.38,57.67,72.49,53.13,11.02,4.54,54.64,53.13
v16,Phase4_RerankStrategy,4,efficientnet_b0_crop,EfficientNet-B0,Same pool as v7; geo composite (0.5 margin + 0.3 SAM + 0.2 hand IoU),any_frame_any_bbox,Any frame (class) + any frame bbox (mask),463,1640,1640,77.54,71.06,88.02,66.52,11.23,4.54,68.25,66.52
v16,Phase4_RerankStrategy,4,late_fusion_clip_whisper_crop,Late fusion (CLIP),Same pool as v7; geo composite (0.5 margin + 0.3 SAM + 0.2 hand IoU),any_frame_any_bbox,Any frame (class) + any frame bbox (mask),463,1640,1640,76.89,78.19,87.64,65.87,33.05,12.31,67.39,65.87
v16,Phase4_RerankStrategy,4,late_fusion_efficientnet_whisper_crop,Late fusion (EfficientNet),Same pool as v7; geo composite (0.5 margin + 0.3 SAM + 0.2 hand IoU),any_frame_any_bbox,Any frame (class) + any frame bbox (mask),463,1640,1640,78.4,76.03,90.08,68.68,16.41,7.34,70.63,68.68
v16,Phase4_RerankStrategy,4,siglip_linear_probe_crop,SigLIP linear probe,Same pool as v7; geo composite (0.5 margin + 0.3 SAM + 0.2 hand IoU),any_frame_any_bbox,Any frame (class) + any frame bbox (mask),463,1640,1640,76.46,55.08,68.08,51.62,9.72,3.46,52.05,51.62
v16,Phase4_RerankStrategy,4,siglip_lora_crop,SigLIP LoRA,Same pool as v7; geo composite (0.5 margin + 0.3 SAM + 0.2 hand IoU),any_frame_any_bbox,Any frame (class) + any frame bbox (mask),463,1640,1640,76.03,58.75,73.58,54.86,9.29,3.89,55.94,54.86
v1,Phase1_Backbone,1,clip_linear_probe_crop,CLIP linear probe,"Hand-guided ROI; select in-hand max containment, else largest bbox",majority_vote_any_bbox,Majority vote (class) + any frame bbox (mask),463,1640,1640,50.76,18.79,25.53,11.02,20.3,7.78,12.96,11.02
v1,Phase1_Backbone,1,clip_lora_crop,CLIP LoRA,"Hand-guided ROI; select in-hand max containment, else largest bbox",majority_vote_any_bbox,Majority vote (class) + any frame bbox (mask),463,1640,1640,50.76,19.65,26.81,11.88,20.52,7.78,13.61,11.88
v1,Phase1_Backbone,1,efficientnet_b0_crop,EfficientNet-B0,"Hand-guided ROI; select in-hand max containment, else largest bbox",majority_vote_any_bbox,Majority vote (class) + any frame bbox (mask),463,1640,1640,50.76,22.46,32.77,15.55,20.95,6.91,16.63,15.55
v1,Phase1_Backbone,1,late_fusion_clip_whisper_crop,Late fusion (CLIP),"Hand-guided ROI; select in-hand max containment, else largest bbox",majority_vote_any_bbox,Majority vote (class) + any frame bbox (mask),463,1640,1640,50.76,67.82,71.91,33.91,63.71,33.91,36.5,33.91
v1,Phase1_Backbone,1,late_fusion_efficientnet_whisper_crop,Late fusion (EfficientNet),"Hand-guided ROI; select in-hand max containment, else largest bbox",majority_vote_any_bbox,Majority vote (class) + any frame bbox (mask),463,1640,1640,50.76,39.31,48.94,22.46,36.93,16.85,24.84,22.46
v1,Phase1_Backbone,1,siglip_linear_probe_crop,SigLIP linear probe,"Hand-guided ROI; select in-hand max containment, else largest bbox",majority_vote_any_bbox,Majority vote (class) + any frame bbox (mask),463,1640,1640,50.76,22.46,29.36,12.74,21.81,9.72,14.9,12.74
v1,Phase1_Backbone,1,siglip_lora_crop,SigLIP LoRA,"Hand-guided ROI; select in-hand max containment, else largest bbox",majority_vote_any_bbox,Majority vote (class) + any frame bbox (mask),463,1640,1640,50.76,22.03,30.64,14.69,19.65,7.34,15.55,14.69
v2,Phase1_Backbone,1,clip_linear_probe_crop,CLIP linear probe,Full-image plastic detection; SAM score Top-1,majority_vote_any_bbox,Majority vote (class) + any frame bbox (mask),463,1640,1640,39.09,25.05,45.3,17.28,18.57,7.78,17.71,17.28
v2,Phase1_Backbone,1,clip_lora_crop,CLIP LoRA,Full-image plastic detection; SAM score Top-1,majority_vote_any_bbox,Majority vote (class) + any frame bbox (mask),463,1640,1640,39.09,27.0,53.04,20.09,18.79,6.91,20.73,20.09
v2,Phase1_Backbone,1,efficientnet_b0_crop,EfficientNet-B0,Full-image plastic detection; SAM score Top-1,majority_vote_any_bbox,Majority vote (class) + any frame bbox (mask),463,1640,1640,39.09,30.45,59.12,23.11,18.79,7.34,23.11,23.11
v2,Phase1_Backbone,1,late_fusion_clip_whisper_crop,Late fusion (CLIP),Full-image plastic detection; SAM score Top-1,majority_vote_any_bbox,Majority vote (class) + any frame bbox (mask),463,1640,1640,39.09,64.58,81.22,30.89,59.4,33.69,31.75,30.89
v2,Phase1_Backbone,1,late_fusion_efficientnet_whisper_crop,Late fusion (EfficientNet),Full-image plastic detection; SAM score Top-1,majority_vote_any_bbox,Majority vote (class) + any frame bbox (mask),463,1640,1640,39.09,37.37,62.98,24.62,29.16,12.74,24.62,24.62
v2,Phase1_Backbone,1,siglip_linear_probe_crop,SigLIP linear probe,Full-image plastic detection; SAM score Top-1,majority_vote_any_bbox,Majority vote (class) + any frame bbox (mask),463,1640,1640,39.09,21.81,41.44,15.77,13.82,6.05,16.2,15.77
v2,Phase1_Backbone,1,siglip_lora_crop,SigLIP LoRA,Full-image plastic detection; SAM score Top-1,majority_vote_any_bbox,Majority vote (class) + any frame bbox (mask),463,1640,1640,39.09,26.13,45.86,17.71,17.71,8.42,17.93,17.71
v3,Phase2_MaskSelect,2,clip_linear_probe_crop,CLIP linear probe,v1 detections; SAM score Top-1 from all plastic candidates,majority_vote_any_bbox,Majority vote (class) + any frame bbox (mask),463,1640,1640,74.08,41.04,52.19,37.58,15.33,3.46,38.66,37.58
v3,Phase2_MaskSelect,2,clip_lora_crop,CLIP LoRA,v1 detections; SAM score Top-1 from all plastic candidates,majority_vote_any_bbox,Majority vote (class) + any frame bbox (mask),463,1640,1640,74.08,44.49,56.27,40.39,16.63,4.1,41.68,40.39
v3,Phase2_MaskSelect,2,efficientnet_b0_crop,EfficientNet-B0,v1 detections; SAM score Top-1 from all plastic candidates,majority_vote_any_bbox,Majority vote (class) + any frame bbox (mask),463,1640,1640,74.08,55.72,71.14,51.84,15.98,3.89,52.7,51.84
v3,Phase2_MaskSelect,2,late_fusion_clip_whisper_crop,Late fusion (CLIP),v1 detections; SAM score Top-1 from all plastic candidates,majority_vote_any_bbox,Majority vote (class) + any frame bbox (mask),463,1640,1640,74.08,76.46,79.88,58.1,44.49,18.36,59.18,58.1
v3,Phase2_MaskSelect,2,late_fusion_efficientnet_whisper_crop,Late fusion (EfficientNet),v1 detections; SAM score Top-1 from all plastic candidates,majority_vote_any_bbox,Majority vote (class) + any frame bbox (mask),463,1640,1640,74.08,62.2,75.51,54.86,26.13,7.34,55.94,54.86
v3,Phase2_MaskSelect,2,siglip_linear_probe_crop,SigLIP linear probe,v1 detections; SAM score Top-1 from all plastic candidates,majority_vote_any_bbox,Majority vote (class) + any frame bbox (mask),463,1640,1640,74.08,42.33,53.06,38.88,15.33,3.46,39.31,38.88
v3,Phase2_MaskSelect,2,siglip_lora_crop,SigLIP LoRA,v1 detections; SAM score Top-1 from all plastic candidates,majority_vote_any_bbox,Majority vote (class) + any frame bbox (mask),463,1640,1640,74.08,46.44,57.14,41.68,15.55,4.75,42.33,41.68
v4,Phase2_MaskSelect,2,clip_linear_probe_crop,CLIP linear probe,Same masks as v3; pixel masking crop at classification time,majority_vote_any_bbox,Majority vote (class) + any frame bbox (mask),463,1640,1640,74.08,30.67,37.03,27.0,15.33,3.67,27.43,27.0
v4,Phase2_MaskSelect,2,clip_lora_crop,CLIP LoRA,Same masks as v3; pixel masking crop at classification time,majority_vote_any_bbox,Majority vote (class) + any frame bbox (mask),463,1640,1640,74.08,32.83,39.36,27.86,15.12,4.97,29.16,27.86
v4,Phase2_MaskSelect,2,efficientnet_b0_crop,EfficientNet-B0,Same masks as v3; pixel masking crop at classification time,majority_vote_any_bbox,Majority vote (class) + any frame bbox (mask),463,1640,1640,74.08,49.03,63.27,46.22,13.39,2.81,46.87,46.22
v4,Phase2_MaskSelect,2,late_fusion_clip_whisper_crop,Late fusion (CLIP),Same masks as v3; pixel masking crop at classification time,majority_vote_any_bbox,Majority vote (class) + any frame bbox (mask),463,1640,1640,74.08,71.06,74.34,54.21,44.49,16.85,55.08,54.21
v4,Phase2_MaskSelect,2,late_fusion_efficientnet_whisper_crop,Late fusion (EfficientNet),Same masks as v3; pixel masking crop at classification time,majority_vote_any_bbox,Majority vote (class) + any frame bbox (mask),463,1640,1640,74.08,59.18,72.3,52.48,21.81,6.7,53.56,52.48
v4,Phase2_MaskSelect,2,siglip_linear_probe_crop,SigLIP linear probe,Same masks as v3; pixel masking crop at classification time,majority_vote_any_bbox,Majority vote (class) + any frame bbox (mask),463,1640,1640,74.08,30.24,36.15,25.7,12.1,4.54,26.78,25.7
v4,Phase2_MaskSelect,2,siglip_lora_crop,SigLIP LoRA,Same masks as v3; pixel masking crop at classification time,majority_vote_any_bbox,Majority vote (class) + any frame bbox (mask),463,1640,1640,74.08,36.5,42.86,30.67,17.06,5.83,31.75,30.67
v5,Phase2_MaskSelect,2,clip_linear_probe_crop,CLIP linear probe,"v1 in-hand score Top-1, else v2 full-image Top-1 fallback",majority_vote_any_bbox,Majority vote (class) + any frame bbox (mask),463,1640,1640,76.03,43.41,55.4,41.68,14.69,1.73,42.12,41.68
v5,Phase2_MaskSelect,2,clip_lora_crop,CLIP LoRA,"v1 in-hand score Top-1, else v2 full-image Top-1 fallback",majority_vote_any_bbox,Majority vote (class) + any frame bbox (mask),463,1640,1640,76.03,46.65,58.81,43.41,15.77,3.24,44.71,43.41
v5,Phase2_MaskSelect,2,efficientnet_b0_crop,EfficientNet-B0,"v1 in-hand score Top-1, else v2 full-image Top-1 fallback",majority_vote_any_bbox,Majority vote (class) + any frame bbox (mask),463,1640,1640,76.03,58.53,72.44,54.21,15.98,4.32,55.08,54.21
v5,Phase2_MaskSelect,2,late_fusion_clip_whisper_crop,Late fusion (CLIP),"v1 in-hand score Top-1, else v2 full-image Top-1 fallback",majority_vote_any_bbox,Majority vote (class) + any frame bbox (mask),463,1640,1640,76.03,76.46,80.11,60.48,42.55,15.98,60.91,60.48
v5,Phase2_MaskSelect,2,late_fusion_efficientnet_whisper_crop,Late fusion (EfficientNet),"v1 in-hand score Top-1, else v2 full-image Top-1 fallback",majority_vote_any_bbox,Majority vote (class) + any frame bbox (mask),463,1640,1640,76.03,64.36,76.7,57.45,24.41,6.91,58.32,57.45
v5,Phase2_MaskSelect,2,siglip_linear_probe_crop,SigLIP linear probe,"v1 in-hand score Top-1, else v2 full-image Top-1 fallback",majority_vote_any_bbox,Majority vote (class) + any frame bbox (mask),463,1640,1640,76.03,42.55,54.26,40.82,12.74,1.73,41.25,40.82
v5,Phase2_MaskSelect,2,siglip_lora_crop,SigLIP LoRA,"v1 in-hand score Top-1, else v2 full-image Top-1 fallback",majority_vote_any_bbox,Majority vote (class) + any frame bbox (mask),463,1640,1640,76.03,47.08,58.81,44.06,13.39,3.02,44.71,44.06
v6,Phase2_MaskSelect,2,clip_linear_probe_crop,CLIP linear probe,Same masks as v5; pixel masking crop at classification time,majority_vote_any_bbox,Majority vote (class) + any frame bbox (mask),463,1640,1640,76.03,31.32,36.93,27.65,14.69,3.67,28.08,27.65
v6,Phase2_MaskSelect,2,clip_lora_crop,CLIP LoRA,Same masks as v5; pixel masking crop at classification time,majority_vote_any_bbox,Majority vote (class) + any frame bbox (mask),463,1640,1640,76.03,34.13,41.19,30.45,13.61,3.67,31.32,30.45
v6,Phase2_MaskSelect,2,efficientnet_b0_crop,EfficientNet-B0,Same masks as v5; pixel masking crop at classification time,majority_vote_any_bbox,Majority vote (class) + any frame bbox (mask),463,1640,1640,76.03,52.05,64.49,48.38,13.61,3.67,49.03,48.38
v6,Phase2_MaskSelect,2,late_fusion_clip_whisper_crop,Late fusion (CLIP),Same masks as v5; pixel masking crop at classification time,majority_vote_any_bbox,Majority vote (class) + any frame bbox (mask),463,1640,1640,76.03,71.27,75.28,56.59,42.33,14.69,57.24,56.59
v6,Phase2_MaskSelect,2,late_fusion_efficientnet_whisper_crop,Late fusion (EfficientNet),Same masks as v5; pixel masking crop at classification time,majority_vote_any_bbox,Majority vote (class) + any frame bbox (mask),463,1640,1640,76.03,61.77,73.86,55.29,19.87,6.48,56.16,55.29
v6,Phase2_MaskSelect,2,siglip_linear_probe_crop,SigLIP linear probe,Same masks as v5; pixel masking crop at classification time,majority_vote_any_bbox,Majority vote (class) + any frame bbox (mask),463,1640,1640,76.03,29.16,35.23,26.13,8.86,3.02,26.78,26.13
v6,Phase2_MaskSelect,2,siglip_lora_crop,SigLIP LoRA,Same masks as v5; pixel masking crop at classification time,majority_vote_any_bbox,Majority vote (class) + any frame bbox (mask),463,1640,1640,76.03,36.93,43.47,32.18,14.04,4.75,33.05,32.18
v8,Phase2_MaskSelect,2,clip_linear_probe_crop,CLIP linear probe,Same masks as v5; bbox crop with 15% padding,majority_vote_any_bbox,Majority vote (class) + any frame bbox (mask),463,1640,1640,76.03,38.23,47.73,35.85,13.61,2.38,36.29,35.85
v8,Phase2_MaskSelect,2,clip_lora_crop,CLIP LoRA,Same masks as v5; bbox crop with 15% padding,majority_vote_any_bbox,Majority vote (class) + any frame bbox (mask),463,1640,1640,76.03,43.41,53.12,39.52,14.25,3.89,40.39,39.52
v8,Phase2_MaskSelect,2,efficientnet_b0_crop,EfficientNet-B0,Same masks as v5; bbox crop with 15% padding,majority_vote_any_bbox,Majority vote (class) + any frame bbox (mask),463,1640,1640,76.03,54.86,69.32,52.05,14.69,2.81,52.7,52.05
v8,Phase2_MaskSelect,2,late_fusion_clip_whisper_crop,Late fusion (CLIP),Same masks as v5; bbox crop with 15% padding,majority_vote_any_bbox,Majority vote (class) + any frame bbox (mask),463,1640,1640,76.03,76.03,80.68,61.12,43.63,14.9,61.34,61.12
v8,Phase2_MaskSelect,2,late_fusion_efficientnet_whisper_crop,Late fusion (EfficientNet),Same masks as v5; bbox crop with 15% padding,majority_vote_any_bbox,Majority vote (class) + any frame bbox (mask),463,1640,1640,76.03,62.2,74.72,56.16,22.46,6.05,56.8,56.16
v8,Phase2_MaskSelect,2,siglip_linear_probe_crop,SigLIP linear probe,Same masks as v5; bbox crop with 15% padding,majority_vote_any_bbox,Majority vote (class) + any frame bbox (mask),463,1640,1640,76.03,40.39,50.85,38.23,14.04,2.16,38.66,38.23
v8,Phase2_MaskSelect,2,siglip_lora_crop,SigLIP LoRA,Same masks as v5; bbox crop with 15% padding,majority_vote_any_bbox,Majority vote (class) + any frame bbox (mask),463,1640,1640,76.03,42.76,53.41,39.74,14.25,3.02,40.6,39.74
v10,Phase3_RerankPool,3,clip_linear_probe_crop,CLIP linear probe,In-hand Top-5 score candidates; classifier confidence rerank,majority_vote_any_bbox,Majority vote (class) + any frame bbox (mask),463,1640,1640,74.95,45.79,57.64,43.2,15.98,2.59,43.2,43.2
v10,Phase3_RerankPool,3,clip_lora_crop,CLIP LoRA,In-hand Top-5 score candidates; classifier confidence rerank,majority_vote_any_bbox,Majority vote (class) + any frame bbox (mask),463,1640,1640,75.16,49.24,60.34,44.49,15.77,4.75,45.36,44.49
v10,Phase3_RerankPool,3,efficientnet_b0_crop,EfficientNet-B0,In-hand Top-5 score candidates; classifier confidence rerank,majority_vote_any_bbox,Majority vote (class) + any frame bbox (mask),463,1640,1640,77.75,65.01,80.0,62.2,14.69,2.81,62.2,62.2
v10,Phase3_RerankPool,3,late_fusion_clip_whisper_crop,Late fusion (CLIP),In-hand Top-5 score candidates; classifier confidence rerank,majority_vote_any_bbox,Majority vote (class) + any frame bbox (mask),463,1640,1640,78.4,78.83,84.3,65.23,39.31,13.61,66.09,65.23
v10,Phase3_RerankPool,3,late_fusion_efficientnet_whisper_crop,Late fusion (EfficientNet),In-hand Top-5 score candidates; classifier confidence rerank,majority_vote_any_bbox,Majority vote (class) + any frame bbox (mask),463,1640,1640,80.99,71.49,83.47,67.39,19.44,4.1,67.6,67.39
v10,Phase3_RerankPool,3,siglip_linear_probe_crop,SigLIP linear probe,In-hand Top-5 score candidates; classifier confidence rerank,majority_vote_any_bbox,Majority vote (class) + any frame bbox (mask),463,1640,1640,77.11,44.49,56.02,42.76,11.02,1.73,43.2,42.76
v10,Phase3_RerankPool,3,siglip_lora_crop,SigLIP LoRA,In-hand Top-5 score candidates; classifier confidence rerank,majority_vote_any_bbox,Majority vote (class) + any frame bbox (mask),463,1640,1640,76.46,49.46,61.3,46.65,11.88,2.81,46.87,46.65
v7,Phase3_RerankPool,3,clip_linear_probe_crop,CLIP linear probe,Top-5 score candidates from v1; classifier rerank by confidence,majority_vote_any_bbox,Majority vote (class) + any frame bbox (mask),463,1640,1640,73.43,42.98,53.82,39.31,12.96,3.67,39.52,39.31
v7,Phase3_RerankPool,3,clip_lora_crop,CLIP LoRA,Top-5 score candidates from v1; classifier rerank by confidence,majority_vote_any_bbox,Majority vote (class) + any frame bbox (mask),463,1640,1640,72.35,48.81,61.19,43.63,14.25,5.18,44.28,43.63
v7,Phase3_RerankPool,3,efficientnet_b0_crop,EfficientNet-B0,Top-5 score candidates from v1; classifier rerank by confidence,majority_vote_any_bbox,Majority vote (class) + any frame bbox (mask),463,1640,1640,76.24,61.12,77.34,58.75,11.23,2.38,58.96,58.75
v7,Phase3_RerankPool,3,late_fusion_clip_whisper_crop,Late fusion (CLIP),Top-5 score candidates from v1; classifier rerank by confidence,majority_vote_any_bbox,Majority vote (class) + any frame bbox (mask),463,1640,1640,77.11,73.43,81.51,61.99,33.26,11.45,62.85,61.99
v7,Phase3_RerankPool,3,late_fusion_efficientnet_whisper_crop,Late fusion (EfficientNet),Top-5 score candidates from v1; classifier rerank by confidence,majority_vote_any_bbox,Majority vote (class) + any frame bbox (mask),463,1640,1640,79.7,70.19,83.47,66.31,16.41,3.89,66.52,66.31
v7,Phase3_RerankPool,3,siglip_linear_probe_crop,SigLIP linear probe,Top-5 score candidates from v1; classifier rerank by confidence,majority_vote_any_bbox,Majority vote (class) + any frame bbox (mask),463,1640,1640,74.73,44.71,57.23,41.9,9.94,2.81,42.76,41.9
v7,Phase3_RerankPool,3,siglip_lora_crop,SigLIP LoRA,Top-5 score candidates from v1; classifier rerank by confidence,majority_vote_any_bbox,Majority vote (class) + any frame bbox (mask),463,1640,1640,76.03,48.6,60.8,45.57,10.37,3.02,46.22,45.57
v9,Phase3_RerankPool,3,clip_linear_probe_crop,CLIP linear probe,v5 candidate pool (in-hand + v2 + score-ranked); Top-5 rerank,majority_vote_any_bbox,Majority vote (class) + any frame bbox (mask),463,1640,1640,74.51,44.06,54.2,40.17,15.77,3.89,40.39,40.17
v9,Phase3_RerankPool,3,clip_lora_crop,CLIP LoRA,v5 candidate pool (in-hand + v2 + score-ranked); Top-5 rerank,majority_vote_any_bbox,Majority vote (class) + any frame bbox (mask),463,1640,1640,73.43,49.03,60.29,43.41,17.28,5.62,44.28,43.41
v9,Phase3_RerankPool,3,efficientnet_b0_crop,EfficientNet-B0,v5 candidate pool (in-hand + v2 + score-ranked); Top-5 rerank,majority_vote_any_bbox,Majority vote (class) + any frame bbox (mask),463,1640,1640,77.11,61.12,75.91,58.32,14.25,2.81,58.53,58.32
v9,Phase3_RerankPool,3,late_fusion_clip_whisper_crop,Late fusion (CLIP),v5 candidate pool (in-hand + v2 + score-ranked); Top-5 rerank,majority_vote_any_bbox,Majority vote (class) + any frame bbox (mask),463,1640,1640,78.19,77.97,81.77,63.28,40.39,14.69,63.93,63.28
v9,Phase3_RerankPool,3,late_fusion_efficientnet_whisper_crop,Late fusion (EfficientNet),v5 candidate pool (in-hand + v2 + score-ranked); Top-5 rerank,majority_vote_any_bbox,Majority vote (class) + any frame bbox (mask),463,1640,1640,80.56,70.41,82.04,65.87,20.73,4.54,66.09,65.87
v9,Phase3_RerankPool,3,siglip_linear_probe_crop,SigLIP linear probe,v5 candidate pool (in-hand + v2 + score-ranked); Top-5 rerank,majority_vote_any_bbox,Majority vote (class) + any frame bbox (mask),463,1640,1640,75.81,44.92,56.7,42.12,11.66,2.81,42.98,42.12
v9,Phase3_RerankPool,3,siglip_lora_crop,SigLIP LoRA,v5 candidate pool (in-hand + v2 + score-ranked); Top-5 rerank,majority_vote_any_bbox,Majority vote (class) + any frame bbox (mask),463,1640,1640,77.11,49.03,59.94,45.57,12.53,3.46,46.22,45.57
v11,Phase4_RerankStrategy,4,clip_linear_probe_crop,CLIP linear probe,Same candidate pool as v7; margin (top1-top2) rerank,majority_vote_any_bbox,Majority vote (class) + any frame bbox (mask),463,1640,1640,73.43,43.2,53.53,39.09,13.61,4.1,39.31,39.09
v11,Phase4_RerankStrategy,4,clip_lora_crop,CLIP LoRA,Same candidate pool as v7; margin (top1-top2) rerank,majority_vote_any_bbox,Majority vote (class) + any frame bbox (mask),463,1640,1640,73.22,47.95,60.47,43.63,14.47,4.32,44.28,43.63
v11,Phase4_RerankStrategy,4,efficientnet_b0_crop,EfficientNet-B0,Same candidate pool as v7; margin (top1-top2) rerank,majority_vote_any_bbox,Majority vote (class) + any frame bbox (mask),463,1640,1640,76.03,59.83,76.14,57.67,10.8,2.16,57.88,57.67
v11,Phase4_RerankStrategy,4,late_fusion_clip_whisper_crop,Late fusion (CLIP),Same candidate pool as v7; margin (top1-top2) rerank,majority_vote_any_bbox,Majority vote (class) + any frame bbox (mask),463,1640,1640,77.11,73.87,82.35,62.63,34.13,11.23,63.5,62.63
v11,Phase4_RerankStrategy,4,late_fusion_efficientnet_whisper_crop,Late fusion (EfficientNet),Same candidate pool as v7; margin (top1-top2) rerank,majority_vote_any_bbox,Majority vote (class) + any frame bbox (mask),463,1640,1640,79.48,71.49,83.97,66.52,17.71,4.97,66.74,66.52
v11,Phase4_RerankStrategy,4,siglip_linear_probe_crop,SigLIP linear probe,Same candidate pool as v7; margin (top1-top2) rerank,majority_vote_any_bbox,Majority vote (class) + any frame bbox (mask),463,1640,1640,74.73,43.63,56.36,41.68,9.94,1.94,42.12,41.68
v11,Phase4_RerankStrategy,4,siglip_lora_crop,SigLIP LoRA,Same candidate pool as v7; margin (top1-top2) rerank,majority_vote_any_bbox,Majority vote (class) + any frame bbox (mask),463,1640,1640,74.95,48.6,61.67,45.36,11.02,3.24,46.22,45.36
v12,Phase4_RerankStrategy,4,clip_linear_probe_crop,CLIP linear probe,Same candidate pool as v10; margin rerank,majority_vote_any_bbox,Majority vote (class) + any frame bbox (mask),463,1640,1640,74.73,45.14,56.36,42.12,16.2,3.02,42.12,42.12
v12,Phase4_RerankStrategy,4,clip_lora_crop,CLIP LoRA,Same candidate pool as v10; margin rerank,majority_vote_any_bbox,Majority vote (class) + any frame bbox (mask),463,1640,1640,74.3,48.16,59.59,43.63,15.77,4.54,44.28,43.63
v12,Phase4_RerankStrategy,4,efficientnet_b0_crop,EfficientNet-B0,Same candidate pool as v10; margin rerank,majority_vote_any_bbox,Majority vote (class) + any frame bbox (mask),463,1640,1640,77.54,64.36,79.39,61.56,14.47,2.81,61.56,61.56
v12,Phase4_RerankStrategy,4,late_fusion_clip_whisper_crop,Late fusion (CLIP),Same candidate pool as v10; margin rerank,majority_vote_any_bbox,Majority vote (class) + any frame bbox (mask),463,1640,1640,78.62,79.05,84.07,65.44,40.6,13.61,66.09,65.44
v12,Phase4_RerankStrategy,4,late_fusion_efficientnet_whisper_crop,Late fusion (EfficientNet),Same candidate pool as v10; margin rerank,majority_vote_any_bbox,Majority vote (class) + any frame bbox (mask),463,1640,1640,80.99,72.14,83.73,67.6,20.09,4.54,67.82,67.6
v12,Phase4_RerankStrategy,4,siglip_linear_probe_crop,SigLIP linear probe,Same candidate pool as v10; margin rerank,majority_vote_any_bbox,Majority vote (class) + any frame bbox (mask),463,1640,1640,76.46,42.55,54.24,41.04,11.45,1.51,41.47,41.04
v12,Phase4_RerankStrategy,4,siglip_lora_crop,SigLIP LoRA,Same candidate pool as v10; margin rerank,majority_vote_any_bbox,Majority vote (class) + any frame bbox (mask),463,1640,1640,76.24,48.6,60.34,45.57,12.74,3.02,46.0,45.57
v13,Phase4_RerankStrategy,4,clip_linear_probe_crop,CLIP linear probe,Same pool as v7; composite rerank (0.7 cls conf + 0.3 SAM score),majority_vote_any_bbox,Majority vote (class) + any frame bbox (mask),463,1640,1640,74.08,43.63,55.69,41.04,12.53,2.59,41.25,41.04
v13,Phase4_RerankStrategy,4,clip_lora_crop,CLIP LoRA,Same pool as v7; composite rerank (0.7 cls conf + 0.3 SAM score),majority_vote_any_bbox,Majority vote (class) + any frame bbox (mask),463,1640,1640,74.73,48.38,61.27,45.14,11.23,3.24,45.79,45.14
v13,Phase4_RerankStrategy,4,efficientnet_b0_crop,EfficientNet-B0,Same pool as v7; composite rerank (0.7 cls conf + 0.3 SAM score),majority_vote_any_bbox,Majority vote (class) + any frame bbox (mask),463,1640,1640,76.89,62.85,78.93,60.26,11.23,2.59,60.69,60.26
v13,Phase4_RerankStrategy,4,late_fusion_clip_whisper_crop,Late fusion (CLIP),Same pool as v7; composite rerank (0.7 cls conf + 0.3 SAM score),majority_vote_any_bbox,Majority vote (class) + any frame bbox (mask),463,1640,1640,76.89,72.79,81.74,62.2,32.61,10.58,62.85,62.2
v13,Phase4_RerankStrategy,4,late_fusion_efficientnet_whisper_crop,Late fusion (EfficientNet),Same pool as v7; composite rerank (0.7 cls conf + 0.3 SAM score),majority_vote_any_bbox,Majority vote (class) + any frame bbox (mask),463,1640,1640,78.4,67.39,80.72,62.42,15.77,4.97,63.28,62.42
v13,Phase4_RerankStrategy,4,siglip_linear_probe_crop,SigLIP linear probe,Same pool as v7; composite rerank (0.7 cls conf + 0.3 SAM score),majority_vote_any_bbox,Majority vote (class) + any frame bbox (mask),463,1640,1640,76.67,45.79,56.06,42.98,9.72,2.81,42.98,42.98
v13,Phase4_RerankStrategy,4,siglip_lora_crop,SigLIP LoRA,Same pool as v7; composite rerank (0.7 cls conf + 0.3 SAM score),majority_vote_any_bbox,Majority vote (class) + any frame bbox (mask),463,1640,1640,76.24,48.81,61.76,46.65,9.72,2.16,47.08,46.65
v14,Phase4_RerankStrategy,4,clip_linear_probe_crop,CLIP linear probe,Same pool as v7; composite margin rerank (0.7 margin + 0.3 SAM score),majority_vote_any_bbox,Majority vote (class) + any frame bbox (mask),463,1640,1640,74.73,43.41,54.34,40.39,12.74,3.02,40.6,40.39
v14,Phase4_RerankStrategy,4,clip_lora_crop,CLIP LoRA,Same pool as v7; composite margin rerank (0.7 margin + 0.3 SAM score),majority_vote_any_bbox,Majority vote (class) + any frame bbox (mask),463,1640,1640,75.59,47.08,59.43,44.49,11.23,2.59,44.92,44.49
v14,Phase4_RerankStrategy,4,efficientnet_b0_crop,EfficientNet-B0,Same pool as v7; composite margin rerank (0.7 margin + 0.3 SAM score),majority_vote_any_bbox,Majority vote (class) + any frame bbox (mask),463,1640,1640,77.97,63.07,78.67,61.12,10.8,1.94,61.34,61.12
v14,Phase4_RerankStrategy,4,late_fusion_clip_whisper_crop,Late fusion (CLIP),Same pool as v7; composite margin rerank (0.7 margin + 0.3 SAM score),majority_vote_any_bbox,Majority vote (class) + any frame bbox (mask),463,1640,1640,76.67,72.79,82.25,62.63,32.4,10.15,63.07,62.63
v14,Phase4_RerankStrategy,4,late_fusion_efficientnet_whisper_crop,Late fusion (EfficientNet),Same pool as v7; composite margin rerank (0.7 margin + 0.3 SAM score),majority_vote_any_bbox,Majority vote (class) + any frame bbox (mask),463,1640,1640,78.19,68.47,81.49,63.07,16.85,5.4,63.71,63.07
v14,Phase4_RerankStrategy,4,siglip_linear_probe_crop,SigLIP linear probe,Same pool as v7; composite margin rerank (0.7 margin + 0.3 SAM score),majority_vote_any_bbox,Majority vote (class) + any frame bbox (mask),463,1640,1640,76.67,45.36,55.49,42.55,9.72,2.81,42.55,42.55
v14,Phase4_RerankStrategy,4,siglip_lora_crop,SigLIP LoRA,Same pool as v7; composite margin rerank (0.7 margin + 0.3 SAM score),majority_vote_any_bbox,Majority vote (class) + any frame bbox (mask),463,1640,1640,76.03,49.24,62.5,47.08,9.29,2.16,47.52,47.08
v15,Phase4_RerankStrategy,4,clip_linear_probe_crop,CLIP linear probe,Same pool as v7; margin rerank + Whisper category match bonus,majority_vote_any_bbox,Majority vote (class) + any frame bbox (mask),463,1640,1640,74.3,49.24,60.47,44.49,16.63,4.75,44.92,44.49
v15,Phase4_RerankStrategy,4,clip_lora_crop,CLIP LoRA,Same pool as v7; margin rerank + Whisper category match bonus,majority_vote_any_bbox,Majority vote (class) + any frame bbox (mask),463,1640,1640,74.08,52.48,64.43,47.3,17.93,5.18,47.73,47.3
v15,Phase4_RerankStrategy,4,efficientnet_b0_crop,EfficientNet-B0,Same pool as v7; margin rerank + Whisper category match bonus,majority_vote_any_bbox,Majority vote (class) + any frame bbox (mask),463,1640,1640,78.4,66.09,80.72,63.07,13.39,3.02,63.28,63.07
v15,Phase4_RerankStrategy,4,late_fusion_clip_whisper_crop,Late fusion (CLIP),Same pool as v7; margin rerank + Whisper category match bonus,majority_vote_any_bbox,Majority vote (class) + any frame bbox (mask),463,1640,1640,77.11,75.16,83.47,63.71,34.77,11.45,64.36,63.71
v15,Phase4_RerankStrategy,4,late_fusion_efficientnet_whisper_crop,Late fusion (EfficientNet),Same pool as v7; margin rerank + Whisper category match bonus,majority_vote_any_bbox,Majority vote (class) + any frame bbox (mask),463,1640,1640,79.27,72.57,84.74,67.17,19.01,5.4,67.17,67.17
v15,Phase4_RerankStrategy,4,siglip_linear_probe_crop,SigLIP linear probe,Same pool as v7; margin rerank + Whisper category match bonus,majority_vote_any_bbox,Majority vote (class) + any frame bbox (mask),463,1640,1640,75.16,49.89,61.49,46.0,15.12,3.89,46.22,46.0
v15,Phase4_RerankStrategy,4,siglip_lora_crop,SigLIP LoRA,Same pool as v7; margin rerank + Whisper category match bonus,majority_vote_any_bbox,Majority vote (class) + any frame bbox (mask),463,1640,1640,75.38,54.21,67.34,49.89,14.47,4.32,50.76,49.89
v16,Phase4_RerankStrategy,4,clip_linear_probe_crop,CLIP linear probe,Same pool as v7; geo composite (0.5 margin + 0.3 SAM + 0.2 hand IoU),majority_vote_any_bbox,Majority vote (class) + any frame bbox (mask),463,1640,1640,74.51,43.2,54.78,40.6,12.31,2.59,40.82,40.6
v16,Phase4_RerankStrategy,4,clip_lora_crop,CLIP LoRA,Same pool as v7; geo composite (0.5 margin + 0.3 SAM + 0.2 hand IoU),majority_vote_any_bbox,Majority vote (class) + any frame bbox (mask),463,1640,1640,75.38,46.44,59.03,44.06,11.02,2.38,44.49,44.06
v16,Phase4_RerankStrategy,4,efficientnet_b0_crop,EfficientNet-B0,Same pool as v7; geo composite (0.5 margin + 0.3 SAM + 0.2 hand IoU),majority_vote_any_bbox,Majority vote (class) + any frame bbox (mask),463,1640,1640,77.54,63.07,79.11,60.91,11.23,2.16,61.34,60.91
v16,Phase4_RerankStrategy,4,late_fusion_clip_whisper_crop,Late fusion (CLIP),Same pool as v7; geo composite (0.5 margin + 0.3 SAM + 0.2 hand IoU),majority_vote_any_bbox,Majority vote (class) + any frame bbox (mask),463,1640,1640,76.89,73.22,82.3,62.63,33.05,10.58,63.28,62.63
v16,Phase4_RerankStrategy,4,late_fusion_efficientnet_whisper_crop,Late fusion (EfficientNet),Same pool as v7; geo composite (0.5 margin + 0.3 SAM + 0.2 hand IoU),majority_vote_any_bbox,Majority vote (class) + any frame bbox (mask),463,1640,1640,78.4,67.6,80.72,62.63,16.41,4.97,63.28,62.63
v16,Phase4_RerankStrategy,4,siglip_linear_probe_crop,SigLIP linear probe,Same pool as v7; geo composite (0.5 margin + 0.3 SAM + 0.2 hand IoU),majority_vote_any_bbox,Majority vote (class) + any frame bbox (mask),463,1640,1640,76.46,45.36,55.93,42.76,9.72,2.59,42.76,42.76
v16,Phase4_RerankStrategy,4,siglip_lora_crop,SigLIP LoRA,Same pool as v7; geo composite (0.5 margin + 0.3 SAM + 0.2 hand IoU),majority_vote_any_bbox,Majority vote (class) + any frame bbox (mask),463,1640,1640,76.03,49.24,62.5,47.08,9.29,2.16,47.52,47.08
