segment_version,phase,crop_mode,bbox_padding,rerank_strategy,description,is_reported_final,frame_top1_fusion_en,frame_top3_fusion_en,frame_top5_fusion_en,group_any_frame_final_prob_fusion_en,group_any_frame_final_prob_efficientnet,csv_mean_max_iou_top1,csv_mean_iou_all_detections,pct_top1_iou_ge_0.5
v1,Phase1_Backbone,bbox,0.0,,"Hand-guided ROI; select in-hand max containment, else largest bbox",False,25.86,56.22,69.62,35.42,30.89,0.6874780292901711,0.0695385571665306,73.06387789711701
v2,Phase1_Backbone,bbox,0.0,,Full-image plastic detection; SAM score Top-1,False,33.69,62.61,72.5,32.61,31.75,0.1977741266567734,,20.6896551724138
v3,Phase2_MaskSelect,bbox,0.0,,v1 detections; SAM score Top-1 from all plastic candidates,False,58.22,77.73,84.79,64.58,61.77,,,
v4,Phase2_MaskSelect,masked,0.0,,Same masks as v3; pixel masking crop at classification time,False,53.19,75.3,83.04,61.77,57.24,,,
v5,Phase2_MaskSelect,bbox,0.0,,"v1 in-hand score Top-1, else v2 full-image Top-1 fallback",False,59.98,78.07,84.82,67.6,64.79,,,
v6,Phase2_MaskSelect,masked,0.0,,Same masks as v5; pixel masking crop at classification time,False,54.44,75.3,82.7,64.36,59.18,,,
v7,Phase3_RerankPool,bbox,0.0,confidence,Top-5 score candidates from v1; classifier rerank by confidence,False,68.72,81.83,86.42,72.35,68.03,,,
v8,Phase2_MaskSelect,bbox,0.15,,Same masks as v5; bbox crop with 15% padding,False,58.31,77.81,84.99,66.95,62.85,,,
v9,Phase3_RerankPool,bbox,0.0,confidence,v5 candidate pool (in-hand + v2 + score-ranked); Top-5 rerank,False,64.75,79.45,84.79,73.65,68.9,,,
v10,Phase3_RerankPool,bbox,0.0,confidence,In-hand Top-5 score candidates; classifier confidence rerank,False,66.14,80.33,85.3,75.16,70.41,,,
v11,Phase4_RerankStrategy,bbox,0.0,margin,Same candidate pool as v7; margin (top1-top2) rerank,False,68.91,81.73,86.27,73.0,66.74,,,
v12,Phase4_RerankStrategy,bbox,0.0,margin,Same candidate pool as v10; margin rerank,False,66.17,80.24,85.19,75.59,69.98,,,
v13,Phase4_RerankStrategy,bbox,0.0,composite,Same pool as v7; composite rerank (0.7 cls conf + 0.3 SAM score),False,66.88,82.11,86.93,71.06,67.39,,,
v14,Phase4_RerankStrategy,bbox,0.0,composite_margin,Same pool as v7; composite margin rerank (0.7 margin + 0.3 SAM score),False,67.63,82.26,86.93,70.84,68.68,,,
v15,Phase4_RerankStrategy,bbox,0.0,text_aware,Same pool as v7; margin rerank + Whisper category match bonus,True,69.97,81.76,86.36,73.43,69.55,,,
v16,Phase4_RerankStrategy,bbox,0.0,geo_composite,Same pool as v7; geo composite (0.5 margin + 0.3 SAM + 0.2 hand IoU),False,66.84,82.01,86.89,70.63,68.25,,,
