clip_id,file_name,sentence,category_names
GX010023__000010.620__000012.020,/home/coder/csire/csire_code/audio/GX010023__000010.620__000012.020.mp3,Unnumbered.,Other Unnumbered Containers & Fragments
GX010023__000012.720__000014.120,/home/coder/csire/csire_code/audio/GX010023__000012.720__000014.120.mp3,Clamshell.,Containers #1/Clamshells
GX010023__000015.000__000020.260,/home/coder/csire/csire_code/audio/GX010023__000015.000__000020.260.mp3,Number 5.,Containers #5/PP
GX010023__000032.460__000033.500,/home/coder/csire/csire_code/audio/GX010023__000032.460__000033.500.mp3,Two color.,Containers #2 Colored
GX010023__000046.620__000047.440,/home/coder/csire/csire_code/audio/GX010023__000046.620__000047.440.mp3,Two color.,Containers #2 Colored
GX010023__000047.500__000047.860,/home/coder/csire/csire_code/audio/GX010023__000047.500__000047.860.mp3,Two color.,Containers #2 Colored
GX010023__000057.620__000058.200,/home/coder/csire/csire_code/audio/GX010023__000057.620__000058.200.mp3,these are one.,Other #1 Bottles
GX010023__000059.620__000060.960,/home/coder/csire/csire_code/audio/GX010023__000059.620__000060.960.mp3,It says one right there.,Other #1 Bottles
GX010023__000063.320__000063.860,/home/coder/csire/csire_code/audio/GX010023__000063.320__000063.860.mp3,Non -deposit.,Non-Deposit
GX010023__000085.120__000085.540,/home/coder/csire/csire_code/audio/GX010023__000085.120__000085.540.mp3,Probably deposit.,Deposit #1 Bottles
GX010023__000088.220__000089.240,/home/coder/csire/csire_code/audio/GX010023__000088.220__000089.240.mp3,Deposit number one.,Deposit #1 Bottles
GX010023__000099.020__000099.840,/home/coder/csire/csire_code/audio/GX010023__000099.020__000099.840.mp3,One clamshell.,Containers #1/Clamshells
GX010023__000112.520__000113.940,/home/coder/csire/csire_code/audio/GX010023__000112.520__000113.940.mp3,Do we have other plastic?,Other Plastics
GX010023__000127.320__000128.760,/home/coder/csire/csire_code/audio/GX010023__000127.320__000128.760.mp3,Non -deposit number one.,Other #1 Bottles
GX010023__000135.900__000136.700,/home/coder/csire/csire_code/audio/GX010023__000135.900__000136.700.mp3,Number five.,Containers #5/PP
GX010023__000147.480__000148.120,/home/coder/csire/csire_code/audio/GX010023__000147.480__000148.120.mp3,It's light purple.,Containers #2 Colored
GX010023__000163.100__000164.200,/home/coder/csire/csire_code/audio/GX010023__000163.100__000164.200.mp3,Deposit number one.,Deposit #1 Bottles
GX010023__000171.640__000172.400,/home/coder/csire/csire_code/audio/GX010023__000171.640__000172.400.mp3,Other non -deposit.,Non-Deposit
GX010023__000172.400__000172.980,/home/coder/csire/csire_code/audio/GX010023__000172.400__000172.980.mp3,Film plastic.,Other Plastic Film | Other Plastics
GX010023__000174.060__000174.680,/home/coder/csire/csire_code/audio/GX010023__000174.060__000174.680.mp3,Clamshell.,Containers #1/Clamshells
GX010023__000176.260__000177.480,/home/coder/csire/csire_code/audio/GX010023__000176.260__000177.480.mp3,Other non -deposit.,Non-Deposit
GX010023__000177.480__000177.860,/home/coder/csire/csire_code/audio/GX010023__000177.480__000177.860.mp3,Clamshell.,Containers #1/Clamshells
GX010023__000191.840__000192.560,/home/coder/csire/csire_code/audio/GX010023__000191.840__000192.560.mp3,Number five.,Containers #5/PP
GX010023__000226.500__000226.940,/home/coder/csire/csire_code/audio/GX010023__000226.500__000226.940.mp3,No.,Containers #1/Clamshells
GX010023__000246.860__000247.460,/home/coder/csire/csire_code/audio/GX010023__000246.860__000247.460.mp3,clamshell,Containers #1/Clamshells
GX010023__000278.720__000281.500,/home/coder/csire/csire_code/audio/GX010023__000278.720__000281.500.mp3,deposit number one,Deposit #1 Bottles
GX010023__000300.420__000304.740,/home/coder/csire/csire_code/audio/GX010023__000300.420__000304.740.mp3,number one clamshell oh black plastic,Containers #1/Clamshells
GX010023__000304.740__000308.200,/home/coder/csire/csire_code/audio/GX010023__000304.740__000308.200.mp3,black plastic,Black Plastic Containers
GX010023__000310.920__000312.160,/home/coder/csire/csire_code/audio/GX010023__000310.920__000312.160.mp3,number five,Containers #5/PP
GX010023__000314.180__000315.100,/home/coder/csire/csire_code/audio/GX010023__000314.180__000315.100.mp3,number five,Containers #5/PP
GX010023__000341.820__000342.160,/home/coder/csire/csire_code/audio/GX010023__000341.820__000342.160.mp3,five,Containers #5/PP
GX010023__000356.840__000357.480,/home/coder/csire/csire_code/audio/GX010023__000356.840__000357.480.mp3,unnumbered,Other Unnumbered Containers & Fragments
GX010023__000369.520__000370.800,/home/coder/csire/csire_code/audio/GX010023__000369.520__000370.800.mp3,unnumbered,Other Unnumbered Containers & Fragments
GX010023__000382.060__000383.620,/home/coder/csire/csire_code/audio/GX010023__000382.060__000383.620.mp3,five,Containers #5/PP
GX010023__000389.180__000392.660,/home/coder/csire/csire_code/audio/GX010023__000389.180__000392.660.mp3,non -deposit number one,Other #1 Bottles
GX010023__000399.200__000400.060,/home/coder/csire/csire_code/audio/GX010023__000399.200__000400.060.mp3,natural,Containers #2 Natural
GX010023__000406.060__000407.180,/home/coder/csire/csire_code/audio/GX010023__000406.060__000407.180.mp3,Unnumbered.,Other Unnumbered Containers & Fragments
GX010023__000423.060__000425.320,/home/coder/csire/csire_code/audio/GX010023__000423.060__000425.320.mp3,Number one non -deposit.,Other #1 Bottles
GX010023__000427.360__000428.480,/home/coder/csire/csire_code/audio/GX010023__000427.360__000428.480.mp3,Five.,Containers #5/PP
GX010023__000429.740__000430.740,/home/coder/csire/csire_code/audio/GX010023__000429.740__000430.740.mp3,Number one deposit.,Deposit #1 Bottles
GX010023__000450.400__000451.200,/home/coder/csire/csire_code/audio/GX010023__000450.400__000451.200.mp3,Clamshell.,Containers #1/Clamshells
GX010023__000458.300__000459.900,/home/coder/csire/csire_code/audio/GX010023__000458.300__000459.900.mp3,Number five.,Containers #5/PP
GX010023__000466.500__000467.060,/home/coder/csire/csire_code/audio/GX010023__000466.500__000467.060.mp3,Five.,Containers #5/PP
GX010023__000475.860__000476.940,/home/coder/csire/csire_code/audio/GX010023__000475.860__000476.940.mp3,Two colored.,Containers #2 Colored
GX010023__000478.220__000478.660,/home/coder/csire/csire_code/audio/GX010023__000478.220__000478.660.mp3,Five.,Containers #5/PP
GX010023__000481.470__000483.240,/home/coder/csire/csire_code/audio/GX010023__000481.470__000483.240.mp3,Number one deposit.,Deposit #1 Bottles
GX010023__000485.520__000487.360,/home/coder/csire/csire_code/audio/GX010023__000485.520__000487.360.mp3,One non -deposit.,Other #1 Bottles
GX010023__000511.120__000512.800,/home/coder/csire/csire_code/audio/GX010023__000511.120__000512.800.mp3,Other plastic.,Other Plastics
GX010023__000533.080__000535.880,/home/coder/csire/csire_code/audio/GX010023__000533.080__000535.880.mp3,Other plastic,Other Plastics
GX010023__000542.580__000545.380,/home/coder/csire/csire_code/audio/GX010023__000542.580__000545.380.mp3,Bulky rigid,Other Rigid/Bulky Plastics
GX010023__000566.930__000570.460,/home/coder/csire/csire_code/audio/GX010023__000566.930__000570.460.mp3,"Two colored non -deposit number one,",Containers #2 Colored | Other #1 Bottles
GX010023__000572.180__000577.200,/home/coder/csire/csire_code/audio/GX010023__000572.180__000577.200.mp3,number two natural colored,Containers #2 Colored
GX010023__000581.160__000582.560,/home/coder/csire/csire_code/audio/GX010023__000581.160__000582.560.mp3,Non -deposit number one,Other #1 Bottles
GX010023__000583.700__000584.660,/home/coder/csire/csire_code/audio/GX010023__000583.700__000584.660.mp3,Other plastic,Other Plastics
GX010023__000588.700__000590.120,/home/coder/csire/csire_code/audio/GX010023__000588.700__000590.120.mp3,Other plastic,Other Plastics
GX010023__000590.120__000591.880,/home/coder/csire/csire_code/audio/GX010023__000590.120__000591.880.mp3,Other plastic,Other Plastics
GX010023__000617.860__000618.600,/home/coder/csire/csire_code/audio/GX010023__000617.860__000618.600.mp3,Black plastic,Black Plastic Containers
GX010023__000618.600__000620.480,/home/coder/csire/csire_code/audio/GX010023__000618.600__000620.480.mp3,Other non -deposit,Non-Deposit
GX010023__000623.840__000625.040,/home/coder/csire/csire_code/audio/GX010023__000623.840__000625.040.mp3,Non -deposit one,Other #1 Bottles
GX010023__000637.140__000638.420,/home/coder/csire/csire_code/audio/GX010023__000637.140__000638.420.mp3,Number five,Containers #5/PP
GX010023__000639.800__000640.440,/home/coder/csire/csire_code/audio/GX010023__000639.800__000640.440.mp3,Clamshell,Containers #1/Clamshells
GX010023__000652.360__000653.000,/home/coder/csire/csire_code/audio/GX010023__000652.360__000653.000.mp3,Unnumbered,Other Unnumbered Containers & Fragments
GX010023__000654.680__000655.960,/home/coder/csire/csire_code/audio/GX010023__000654.680__000655.960.mp3,Other plastic,Other Plastics
GX010023__000668.220__000668.820,/home/coder/csire/csire_code/audio/GX010023__000668.220__000668.820.mp3,Clamshell,Containers #1/Clamshells
GX010023__000674.320__000676.680,/home/coder/csire/csire_code/audio/GX010023__000674.320__000676.680.mp3,Like a lid that you can screw on,Deposit #1 Bottles
GX010023__000676.680__000677.960,/home/coder/csire/csire_code/audio/GX010023__000676.680__000677.960.mp3,We consider that a bottle,Other #1 Bottles
GX010023__000694.140__000694.700,/home/coder/csire/csire_code/audio/GX010023__000694.140__000694.700.mp3,Clamshell,Containers #1/Clamshells
GX010023__000696.400__000696.960,/home/coder/csire/csire_code/audio/GX010023__000696.400__000696.960.mp3,"Lid,",Containers #1/Clamshells
GX010023__000697.100__000698.360,/home/coder/csire/csire_code/audio/GX010023__000697.100__000698.360.mp3,other unnumbered,Other Unnumbered Containers & Fragments
GX010023__000704.600__000708.800,/home/coder/csire/csire_code/audio/GX010023__000704.600__000708.800.mp3,Other plastic,Other Plastics
GX010023__000709.500__000711.160,/home/coder/csire/csire_code/audio/GX010023__000709.500__000711.160.mp3,Black plastic,Black Plastic Containers
GX010023__000711.160__000713.980,/home/coder/csire/csire_code/audio/GX010023__000711.160__000713.980.mp3,Other plastic,Other Plastics
GX010023__000716.060__000717.320,/home/coder/csire/csire_code/audio/GX010023__000716.060__000717.320.mp3,Clamshell,Containers #1/Clamshells
GX010023__000724.540__000726.060,/home/coder/csire/csire_code/audio/GX010023__000724.540__000726.060.mp3,Other plastic,Other Plastics
GX010023__000730.540__000733.840,/home/coder/csire/csire_code/audio/GX010023__000730.540__000733.840.mp3,Other non -deposited,Non-Deposit
GX010023__000740.960__000743.320,/home/coder/csire/csire_code/audio/GX010023__000740.960__000743.320.mp3,Number five,Containers #5/PP
GX010023__000746.400__000750.860,/home/coder/csire/csire_code/audio/GX010023__000746.400__000750.860.mp3,Black plastic,Black Plastic Containers
GX010023__000750.860__000751.380,/home/coder/csire/csire_code/audio/GX010023__000750.860__000751.380.mp3,Black plastic,Black Plastic Containers
GX010023__000753.060__000754.680,/home/coder/csire/csire_code/audio/GX010023__000753.060__000754.680.mp3,Other unnumbered,Other Unnumbered Containers & Fragments
GX010023__000754.680__000756.920,/home/coder/csire/csire_code/audio/GX010023__000754.680__000756.920.mp3,One non -deposit.,Other #1 Bottles
GX010023__000759.020__000760.380,/home/coder/csire/csire_code/audio/GX010023__000759.020__000760.380.mp3,"Deposit number one,",Deposit #1 Bottles
GX010023__000761.820__000763.380,/home/coder/csire/csire_code/audio/GX010023__000761.820__000763.380.mp3,Non -deposit number one.,Other #1 Bottles
GX010023__000764.160__000765.460,/home/coder/csire/csire_code/audio/GX010023__000764.160__000765.460.mp3,Two natural.,Containers #2 Natural
GX010023__000766.000__000767.260,/home/coder/csire/csire_code/audio/GX010023__000766.000__000767.260.mp3,Two natural.,Containers #2 Natural
GX010023__000773.500__000774.620,/home/coder/csire/csire_code/audio/GX010023__000773.500__000774.620.mp3,Two natural.,Containers #2 Natural
GX010023__000775.140__000776.640,/home/coder/csire/csire_code/audio/GX010023__000775.140__000776.640.mp3,Three through seven.,Containers #3-7 (Not #5)
GX010023__000781.820__000782.580,/home/coder/csire/csire_code/audio/GX010023__000781.820__000782.580.mp3,Black plastic.,Black Plastic Containers
GX010023__000797.540__000797.860,/home/coder/csire/csire_code/audio/GX010023__000797.540__000797.860.mp3,Number five.,Containers #5/PP
GX010023__000807.160__000808.540,/home/coder/csire/csire_code/audio/GX010023__000807.160__000808.540.mp3,Black plastic.,Black Plastic Containers
GX010023__000811.220__000812.140,/home/coder/csire/csire_code/audio/GX010023__000811.220__000812.140.mp3,Other plastic.,Other Plastics
GX010023__000812.140__000814.240,/home/coder/csire/csire_code/audio/GX010023__000812.140__000814.240.mp3,Other plastic.,Other Plastics
GX010023__000814.800__000815.840,/home/coder/csire/csire_code/audio/GX010023__000814.800__000815.840.mp3,Unnumbered.,Other Unnumbered Containers & Fragments
GX010023__000820.860__000822.220,/home/coder/csire/csire_code/audio/GX010023__000820.860__000822.220.mp3,Number one clamshell.,Containers #1/Clamshells
GX010023__000823.900__000825.160,/home/coder/csire/csire_code/audio/GX010023__000823.900__000825.160.mp3,Deposit number one.,Deposit #1 Bottles
GX010023__000826.940__000827.820,/home/coder/csire/csire_code/audio/GX010023__000826.940__000827.820.mp3,Five.,Containers #5/PP
GX010023__000828.900__000830.600,/home/coder/csire/csire_code/audio/GX010023__000828.900__000830.600.mp3,Other plastic.,Other Plastics
GX010023__000841.180__000842.560,/home/coder/csire/csire_code/audio/GX010023__000841.180__000842.560.mp3,Number five.,Containers #5/PP
GX010023__000844.360__000845.000,/home/coder/csire/csire_code/audio/GX010023__000844.360__000845.000.mp3,Black plastic.,Black Plastic Containers
GX010023__000848.160__000849.000,/home/coder/csire/csire_code/audio/GX010023__000848.160__000849.000.mp3,Unnumbered.,Other Unnumbered Containers & Fragments
GX010023__000849.000__000849.480,/home/coder/csire/csire_code/audio/GX010023__000849.000__000849.480.mp3,Number five.,Containers #5/PP
GX010023__000849.880__000851.020,/home/coder/csire/csire_code/audio/GX010023__000849.880__000851.020.mp3,One clamshell.,Containers #1/Clamshells
GX010023__000851.140__000852.320,/home/coder/csire/csire_code/audio/GX010023__000851.140__000852.320.mp3,One clamshell.,Containers #1/Clamshells
GX010023__000852.380__000853.780,/home/coder/csire/csire_code/audio/GX010023__000852.380__000853.780.mp3,One unnumbered.,Other Unnumbered Containers & Fragments
GX010023__000855.440__000856.280,/home/coder/csire/csire_code/audio/GX010023__000855.440__000856.280.mp3,Five.,Containers #5/PP
GX010023__000857.260__000858.100,/home/coder/csire/csire_code/audio/GX010023__000857.260__000858.100.mp3,Five.,Containers #5/PP
GX010023__000858.800__000861.820,/home/coder/csire/csire_code/audio/GX010023__000858.800__000861.820.mp3,"I can't say one unnumbered,",Other Unnumbered Containers & Fragments
GX010023__000863.500__000864.440,/home/coder/csire/csire_code/audio/GX010023__000863.500__000864.440.mp3,Black plastic.,Black Plastic Containers
GX010023__000866.940__000867.580,/home/coder/csire/csire_code/audio/GX010023__000866.940__000867.580.mp3,Unnumbered.,Other Unnumbered Containers & Fragments
GX010023__000872.020__000873.440,/home/coder/csire/csire_code/audio/GX010023__000872.020__000873.440.mp3,Number one non -deposit.,Other #1 Bottles
GX010023__000873.680__000874.880,/home/coder/csire/csire_code/audio/GX010023__000873.680__000874.880.mp3,Number one non -deposit.,Other #1 Bottles
GX010023__000876.220__000877.640,/home/coder/csire/csire_code/audio/GX010023__000876.220__000877.640.mp3,Number one non -deposit.,Other #1 Bottles
GX010023__000883.440__000884.080,/home/coder/csire/csire_code/audio/GX010023__000883.440__000884.080.mp3,Five.,Containers #5/PP
GX010023__000902.540__000903.860,/home/coder/csire/csire_code/audio/GX010023__000902.540__000903.860.mp3,Other plastic.,Other Plastics
GX010023__000907.140__000908.460,/home/coder/csire/csire_code/audio/GX010023__000907.140__000908.460.mp3,Other plastic.,Other Plastics
GX010023__000911.840__000913.640,/home/coder/csire/csire_code/audio/GX010023__000911.840__000913.640.mp3,One non -deposit.,Other #1 Bottles
GX010023__000913.900__000915.340,/home/coder/csire/csire_code/audio/GX010023__000913.900__000915.340.mp3,It doesn't have number.,Other Unnumbered Containers & Fragments
GX010023__000915.640__000916.620,/home/coder/csire/csire_code/audio/GX010023__000915.640__000916.620.mp3,Just a number.,Other Unnumbered Containers & Fragments
GX010023__000916.820__000917.440,/home/coder/csire/csire_code/audio/GX010023__000916.820__000917.440.mp3,Unnumbered container.,Other Unnumbered Containers & Fragments
GX010023__000919.980__000920.860,/home/coder/csire/csire_code/audio/GX010023__000919.980__000920.860.mp3,Unnumbered нельзя.,Other Unnumbered Containers & Fragments
GX010023__000933.260__000933.880,/home/coder/csire/csire_code/audio/GX010023__000933.260__000933.880.mp3,Number 4.,Containers #3-7 (Not #5)
GX010023__000939.400__000940.300,/home/coder/csire/csire_code/audio/GX010023__000939.400__000940.300.mp3,One clamshell.,Containers #1/Clamshells
GX010023__000940.920__000942.580,/home/coder/csire/csire_code/audio/GX010023__000940.920__000942.580.mp3,"If you find numbers,",Other Unnumbered Containers & Fragments
GX010023__000945.460__000945.780,/home/coder/csire/csire_code/audio/GX010023__000945.460__000945.780.mp3,"Five,",Containers #5/PP
GX010023__000950.020__000950.660,/home/coder/csire/csire_code/audio/GX010023__000950.020__000950.660.mp3,Unnumbered.,Other Unnumbered Containers & Fragments
GX010023__000951.840__000954.020,/home/coder/csire/csire_code/audio/GX010023__000951.840__000954.020.mp3,Deposit aluminum container or film.,Other Plastic Film
GX010023__000960.180__000962.280,/home/coder/csire/csire_code/audio/GX010023__000960.180__000962.280.mp3,Non -deposit one.,Other #1 Bottles
GX010023__000967.360__000969.440,/home/coder/csire/csire_code/audio/GX010023__000967.360__000969.440.mp3,Other plastic.,Other Plastics
GX010023__000975.400__000976.980,/home/coder/csire/csire_code/audio/GX010023__000975.400__000976.980.mp3,Other plastic.,Other Plastics
GX010023__000983.180__000984.360,/home/coder/csire/csire_code/audio/GX010023__000983.180__000984.360.mp3,One non -depos...,Other #1 Bottles
GX010023__000984.360__000984.860,/home/coder/csire/csire_code/audio/GX010023__000984.360__000984.860.mp3,one deposit.,Deposit #1 Bottles
GX010023__000991.380__000992.420,/home/coder/csire/csire_code/audio/GX010023__000991.380__000992.420.mp3,Three through seven.,Containers #3-7 (Not #5)
GX010023__000998.940__000999.460,/home/coder/csire/csire_code/audio/GX010023__000998.940__000999.460.mp3,Clamshell.,Containers #1/Clamshells
GX010023__001002.280__001003.320,/home/coder/csire/csire_code/audio/GX010023__001002.280__001003.320.mp3,Non -deposit.,Non-Deposit
GX010023__001010.700__001012.140,/home/coder/csire/csire_code/audio/GX010023__001010.700__001012.140.mp3,Number five.,Containers #5/PP
GX010023__001013.520__001014.520,/home/coder/csire/csire_code/audio/GX010023__001013.520__001014.520.mp3,Two natural.,Containers #2 Natural
GX010023__001017.480__001018.160,/home/coder/csire/csire_code/audio/GX010023__001017.480__001018.160.mp3,Clamshell.,Containers #1/Clamshells
GX010023__001019.960__001021.060,/home/coder/csire/csire_code/audio/GX010023__001019.960__001021.060.mp3,Other plastic.,Other Plastics
GX010024__000260.020__000260.980,/home/coder/csire/csire_code/audio/GX010024__000260.020__000260.980.mp3,One on deposit.,Deposit #1 Bottles
GX010024__000319.720__000322.160,/home/coder/csire/csire_code/audio/GX010024__000319.720__000322.160.mp3,one non deposit,Other #1 Bottles
GX010024__000322.160__000328.040,/home/coder/csire/csire_code/audio/GX010024__000322.160__000328.040.mp3,one non -deposit,Other #1 Bottles
GX010024__000328.040__000334.620,/home/coder/csire/csire_code/audio/GX010024__000328.040__000334.620.mp3,foil clamshell garbage bag yeah,Containers #1/Clamshells | Garbage Bags
GX010024__000334.620__000336.980,/home/coder/csire/csire_code/audio/GX010024__000334.620__000336.980.mp3,film,Other Plastic Film
GX010024__000341.560__000346.020,/home/coder/csire/csire_code/audio/GX010024__000341.560__000346.020.mp3,two natural,Containers #2 Natural
GX010024__000350.800__000353.280,/home/coder/csire/csire_code/audio/GX010024__000350.800__000353.280.mp3,non -deposit one,Other #1 Bottles
GX010024__000368.580__000370.040,/home/coder/csire/csire_code/audio/GX010024__000368.580__000370.040.mp3,one non -deposit,Other #1 Bottles
GX010024__000380.300__000380.980,/home/coder/csire/csire_code/audio/GX010024__000380.300__000380.980.mp3,five,Containers #5/PP
GX010024__000386.680__000387.420,/home/coder/csire/csire_code/audio/GX010024__000386.680__000387.420.mp3,non -deposit one,Other #1 Bottles
GX010024__000394.620__000395.540,/home/coder/csire/csire_code/audio/GX010024__000394.620__000395.540.mp3,film,Other Plastic Film
GX010024__000395.540__000397.460,/home/coder/csire/csire_code/audio/GX010024__000395.540__000397.460.mp3,film other plastic,Other Plastic Film | Other Plastics
GX010024__000398.780__000399.820,/home/coder/csire/csire_code/audio/GX010024__000398.780__000399.820.mp3,five,Containers #5/PP
GX010024__000400.620__000401.940,/home/coder/csire/csire_code/audio/GX010024__000400.620__000401.940.mp3,three to seven,Containers #3-7 (Not #5)
GX010024__000402.620__000403.840,/home/coder/csire/csire_code/audio/GX010024__000402.620__000403.840.mp3,clamshell,Containers #1/Clamshells
GX010024__000405.340__000407.400,/home/coder/csire/csire_code/audio/GX010024__000405.340__000407.400.mp3,I don't know that's a five,Containers #5/PP
GX010024__000408.500__000411.980,/home/coder/csire/csire_code/audio/GX010024__000408.500__000411.980.mp3,non -deposit garbage bag,Garbage Bags | Non-Deposit
GX010024__000419.840__000422.820,/home/coder/csire/csire_code/audio/GX010024__000419.840__000422.820.mp3,non -deposit,Non-Deposit
GX010024__000429.720__000432.360,/home/coder/csire/csire_code/audio/GX010024__000429.720__000432.360.mp3,two colors,Containers #2 Colored
GX010024__000432.380__000435.640,/home/coder/csire/csire_code/audio/GX010024__000432.380__000435.640.mp3,number one,Containers #1/Clamshells
GX010024__000435.640__000437.480,/home/coder/csire/csire_code/audio/GX010024__000435.640__000437.480.mp3,six two through seven,Containers #3-7 (Not #5)
GX010024__000439.640__000440.960,/home/coder/csire/csire_code/audio/GX010024__000439.640__000440.960.mp3,deposit one,Deposit #1 Bottles
GX010024__000485.020__000485.520,/home/coder/csire/csire_code/audio/GX010024__000485.020__000485.520.mp3,One corn shell.,Containers #1/Clamshells
GX010024__000491.220__000492.760,/home/coder/csire/csire_code/audio/GX010024__000491.220__000492.760.mp3,Non -deposit one.,Other #1 Bottles
GX010024__000509.320__000511.000,/home/coder/csire/csire_code/audio/GX010024__000509.320__000511.000.mp3,Two color.,Containers #2 Colored
GX010024__000512.860__000513.700,/home/coder/csire/csire_code/audio/GX010024__000512.860__000513.700.mp3,Clamshell.,Containers #1/Clamshells
GX010024__000518.160__000518.820,/home/coder/csire/csire_code/audio/GX010024__000518.160__000518.820.mp3,One deposit.,Deposit #1 Bottles
GX010024__000519.900__000521.460,/home/coder/csire/csire_code/audio/GX010024__000519.900__000521.460.mp3,One non -deposit.,Other #1 Bottles
GX010024__000522.360__000523.140,/home/coder/csire/csire_code/audio/GX010024__000522.360__000523.140.mp3,Other plastic.,Other Plastics
GX010024__000523.780__000525.260,/home/coder/csire/csire_code/audio/GX010024__000523.780__000525.260.mp3,One non -deposit.,Other #1 Bottles
GX010024__000529.640__000530.220,/home/coder/csire/csire_code/audio/GX010024__000529.640__000530.220.mp3,One deposit.,Deposit #1 Bottles
GX010024__000533.420__000534.240,/home/coder/csire/csire_code/audio/GX010024__000533.420__000534.240.mp3,Clamshell.,Containers #1/Clamshells
GX010024__000537.340__000537.760,/home/coder/csire/csire_code/audio/GX010024__000537.340__000537.760.mp3,One deposit.,Deposit #1 Bottles
GX010024__000538.300__000539.520,/home/coder/csire/csire_code/audio/GX010024__000538.300__000539.520.mp3,One non -deposit.,Other #1 Bottles
GX010024__000559.560__000560.220,/home/coder/csire/csire_code/audio/GX010024__000559.560__000560.220.mp3,Other plastic.,Other Plastics
GX010024__000561.100__000561.900,/home/coder/csire/csire_code/audio/GX010024__000561.100__000561.900.mp3,Five.,Containers #5/PP
GX010024__000568.320__000569.120,/home/coder/csire/csire_code/audio/GX010024__000568.320__000569.120.mp3,Unnumbered.,Other Unnumbered Containers & Fragments
GX010024__000573.840__000575.300,/home/coder/csire/csire_code/audio/GX010024__000573.840__000575.300.mp3,One non -deposit.,Other #1 Bottles
GX010024__000581.660__000583.120,/home/coder/csire/csire_code/audio/GX010024__000581.660__000583.120.mp3,One non -deposit.,Other #1 Bottles
GX010024__000586.260__000586.680,/home/coder/csire/csire_code/audio/GX010024__000586.260__000586.680.mp3,One non -deposit.,Other #1 Bottles
GX010024__000587.980__000588.540,/home/coder/csire/csire_code/audio/GX010024__000587.980__000588.540.mp3,One non -deposit.,Other #1 Bottles
GX010024__000593.420__000595.200,/home/coder/csire/csire_code/audio/GX010024__000593.420__000595.200.mp3,One non -deposit.,Other #1 Bottles
GX010024__000596.340__000596.740,/home/coder/csire/csire_code/audio/GX010024__000596.340__000596.740.mp3,One deposit.,Deposit #1 Bottles
GX010024__000599.240__000600.120,/home/coder/csire/csire_code/audio/GX010024__000599.240__000600.120.mp3,One non -deposit.,Other #1 Bottles
GX010024__000617.980__000618.760,/home/coder/csire/csire_code/audio/GX010024__000617.980__000618.760.mp3,Unnumbered.,Other Unnumbered Containers & Fragments
GX010024__000625.140__000626.100,/home/coder/csire/csire_code/audio/GX010024__000625.140__000626.100.mp3,One non -deposit.,Other #1 Bottles
GX010024__000627.700__000628.880,/home/coder/csire/csire_code/audio/GX010024__000627.700__000628.880.mp3,Other plastic.,Plastic
GX010024__000649.920__000651.620,/home/coder/csire/csire_code/audio/GX010024__000649.920__000651.620.mp3,Non -deposit one.,Other #1 Bottles
GX010024__000656.440__000657.260,/home/coder/csire/csire_code/audio/GX010024__000656.440__000657.260.mp3,Other plastic.,Other Plastics
GX010024__000658.660__000659.240,/home/coder/csire/csire_code/audio/GX010024__000658.660__000659.240.mp3,Non -deposit one.,Other #1 Bottles
GX010024__000659.480__000660.780,/home/coder/csire/csire_code/audio/GX010024__000659.480__000660.780.mp3,Non - deposit one.,Other #1 Bottles
GX010024__000662.860__000663.360,/home/coder/csire/csire_code/audio/GX010024__000662.860__000663.360.mp3,ONE.,Containers #1/Clamshells
GX010024__000663.360__000664.120,/home/coder/csire/csire_code/audio/GX010024__000663.360__000664.120.mp3,Deposit one.,Deposit #1 Bottles
GX010024__000674.260__000674.920,/home/coder/csire/csire_code/audio/GX010024__000674.260__000674.920.mp3,Unnumbered.,Other Unnumbered Containers & Fragments
GX010024__000730.960__000731.460,/home/coder/csire/csire_code/audio/GX010024__000730.960__000731.460.mp3,Two natural.,Containers #2 Natural
GX010024__000799.920__000801.960,/home/coder/csire/csire_code/audio/GX010024__000799.920__000801.960.mp3,Under posit one down to positive.,Non-Deposit
GX010024__000806.580__000808.780,/home/coder/csire/csire_code/audio/GX010024__000806.580__000808.780.mp3,deposit one,Deposit #1 Bottles
GX010024__000895.220__000896.280,/home/coder/csire/csire_code/audio/GX010024__000895.220__000896.280.mp3,black plastic,Black Plastic Containers
GX010024__000900.380__000900.980,/home/coder/csire/csire_code/audio/GX010024__000900.380__000900.980.mp3,clamshell,Containers #1/Clamshells
GX010024__000905.320__000905.840,/home/coder/csire/csire_code/audio/GX010024__000905.320__000905.840.mp3,five,Containers #5/PP
GX010024__000906.820__000907.840,/home/coder/csire/csire_code/audio/GX010024__000906.820__000907.840.mp3,deposit one,Deposit #1 Bottles
GX010024__000907.840__000909.680,/home/coder/csire/csire_code/audio/GX010024__000907.840__000909.680.mp3,non -deposit one,Other #1 Bottles
GX010024__000922.360__000923.060,/home/coder/csire/csire_code/audio/GX010024__000922.360__000923.060.mp3,clamshell,Containers #1/Clamshells
GX010024__000933.920__000936.280,/home/coder/csire/csire_code/audio/GX010024__000933.920__000936.280.mp3,un -deposit,Non-Deposit
GX010024__000946.420__000948.360,/home/coder/csire/csire_code/audio/GX010024__000946.420__000948.360.mp3,deposit number one,Deposit #1 Bottles
GX010024__000950.440__000951.120,/home/coder/csire/csire_code/audio/GX010024__000950.440__000951.120.mp3,plastic,Plastic
GX010025__000517.480__000518.400,/home/coder/csire/csire_code/audio/GX010025__000517.480__000518.400.mp3,Fly plastic.,Black Plastic Containers
GX010025__000554.420__000554.980,/home/coder/csire/csire_code/audio/GX010025__000554.420__000554.980.mp3,Deposit.,Deposit #1 Bottles
GX010025__000617.000__000617.680,/home/coder/csire/csire_code/audio/GX010025__000617.000__000617.680.mp3,Five.,Containers #5/PP
GX010025__000624.000__000624.580,/home/coder/csire/csire_code/audio/GX010025__000624.000__000624.580.mp3,Clamshell.,Containers #1/Clamshells
GX010025__000630.140__000630.720,/home/coder/csire/csire_code/audio/GX010025__000630.140__000630.720.mp3,Clamshell.,Containers #1/Clamshells
GX010025__000630.940__000633.320,/home/coder/csire/csire_code/audio/GX010025__000630.940__000633.320.mp3,"It looks like all two natural,",Containers #2 Natural
GX010025__000633.620__000634.200,/home/coder/csire/csire_code/audio/GX010025__000633.620__000634.200.mp3,or two colors.,Containers #2 Colored
GX010025__000635.960__000636.240,/home/coder/csire/csire_code/audio/GX010025__000635.960__000636.240.mp3,it's five.,Containers #5/PP
GX010025__000648.420__000649.620,/home/coder/csire/csire_code/audio/GX010025__000648.420__000649.620.mp3,One non -deposit.,Other #1 Bottles
GX010025__000661.420__000662.120,/home/coder/csire/csire_code/audio/GX010025__000661.420__000662.120.mp3,Deposit one.,Deposit #1 Bottles
GX010025__000662.200__000662.880,/home/coder/csire/csire_code/audio/GX010025__000662.200__000662.880.mp3,Deposit one.,Deposit #1 Bottles
GX010025__000689.440__000689.760,/home/coder/csire/csire_code/audio/GX010025__000689.440__000689.760.mp3,One deposit.,Deposit #1 Bottles
GX010025__000690.660__000691.280,/home/coder/csire/csire_code/audio/GX010025__000690.660__000691.280.mp3,One deposit.,Deposit #1 Bottles
GX010025__000694.260__000695.480,/home/coder/csire/csire_code/audio/GX010025__000694.260__000695.480.mp3,One non -deposit.,Deposit #1 Bottles
GX010025__000696.060__000696.460,/home/coder/csire/csire_code/audio/GX010025__000696.060__000696.460.mp3,Five.,Containers #5/PP
GX010025__000710.080__000710.860,/home/coder/csire/csire_code/audio/GX010025__000710.080__000710.860.mp3,Two color.,Containers #2 Colored
GX010025__000720.180__000723.620,/home/coder/csire/csire_code/audio/GX010025__000720.180__000723.620.mp3,unnumbered black plastic,Black Plastic Containers | Other Unnumbered Containers & Fragments
GX010025__000723.620__000727.980,/home/coder/csire/csire_code/audio/GX010025__000723.620__000727.980.mp3,one deposit,Deposit #1 Bottles
GX010025__000729.840__000736.340,/home/coder/csire/csire_code/audio/GX010025__000729.840__000736.340.mp3,two color black plastic two are one deposit,Containers #2 Colored | Deposit #1 Bottles
GX010025__000736.340__000739.760,/home/coder/csire/csire_code/audio/GX010025__000736.340__000739.760.mp3,one non -deposit,Other #1 Bottles
GX010025__000742.860__000745.660,/home/coder/csire/csire_code/audio/GX010025__000742.860__000745.660.mp3,black plastic,Black Plastic Containers
GX010025__000745.660__000753.540,/home/coder/csire/csire_code/audio/GX010025__000745.660__000753.540.mp3,two color non -deposit one non -deposit one,Containers #2 Colored | Other #1 Bottles
GX010025__000757.200__000758.600,/home/coder/csire/csire_code/audio/GX010025__000757.200__000758.600.mp3,unnumbered,Other Unnumbered Containers & Fragments
GX010025__000767.460__000769.520,/home/coder/csire/csire_code/audio/GX010025__000767.460__000769.520.mp3,deposit number one,Deposit #1 Bottles
GX010025__000769.740__000771.960,/home/coder/csire/csire_code/audio/GX010025__000769.740__000771.960.mp3,non -deposit one,Other #1 Bottles
GX010025__000779.740__000781.380,/home/coder/csire/csire_code/audio/GX010025__000779.740__000781.380.mp3,black plastic,Black Plastic Containers
GX010025__000781.380__000783.400,/home/coder/csire/csire_code/audio/GX010025__000781.380__000783.400.mp3,number five,Containers #5/PP
GX010025__000788.340__000789.740,/home/coder/csire/csire_code/audio/GX010025__000788.340__000789.740.mp3,unnumbered,Other Unnumbered Containers & Fragments
GX010025__000789.740__000792.000,/home/coder/csire/csire_code/audio/GX010025__000789.740__000792.000.mp3,black plastic,Black Plastic Containers
GX010025__000792.000__000794.280,/home/coder/csire/csire_code/audio/GX010025__000792.000__000794.280.mp3,black plastic,Black Plastic Containers
GX010025__000794.280__000796.060,/home/coder/csire/csire_code/audio/GX010025__000794.280__000796.060.mp3,black plastic,Black Plastic Containers
GX010025__000800.440__000807.560,/home/coder/csire/csire_code/audio/GX010025__000800.440__000807.560.mp3,clamp shell,Containers #1/Clamshells
GX010025__000807.560__000810.580,/home/coder/csire/csire_code/audio/GX010025__000807.560__000810.580.mp3,black plastic two are one,Black Plastic Containers
GX010025__000810.580__000815.580,/home/coder/csire/csire_code/audio/GX010025__000810.580__000815.580.mp3,two naps,Containers #2 Natural
GX010025__000833.740__000835.340,/home/coder/csire/csire_code/audio/GX010025__000833.740__000835.340.mp3,"Number six,",Containers #3-7 (Not #5)
GX010025__000837.640__000839.420,/home/coder/csire/csire_code/audio/GX010025__000837.640__000839.420.mp3,Other plastic.,Other Plastics
GX010025__000855.000__000856.840,/home/coder/csire/csire_code/audio/GX010025__000855.000__000856.840.mp3,Other plastic.,Other Plastics
GX010025__000869.220__000870.140,/home/coder/csire/csire_code/audio/GX010025__000869.220__000870.140.mp3,Other one.,Containers #1/Clamshells
GX010025__000870.140__000871.260,/home/coder/csire/csire_code/audio/GX010025__000870.140__000871.260.mp3,"Number one clamshell,",Containers #1/Clamshells
GX010025__000873.340__000877.740,/home/coder/csire/csire_code/audio/GX010025__000873.340__000877.740.mp3,Other one.,Containers #1/Clamshells
GX010025__000879.000__000880.260,/home/coder/csire/csire_code/audio/GX010025__000879.000__000880.260.mp3,Dissolt.,Deposit #1 Bottles
GX010025__000881.240__000882.640,/home/coder/csire/csire_code/audio/GX010025__000881.240__000882.640.mp3,Clam,Containers #1/Clamshells
GX010025__000905.460__000906.180,/home/coder/csire/csire_code/audio/GX010025__000905.460__000906.180.mp3,"Non -deposit,",Non-Deposit
GX010025__000906.240__000906.860,/home/coder/csire/csire_code/audio/GX010025__000906.240__000906.860.mp3,non -deposit.,Non-Deposit
GX010025__000920.140__000921.000,/home/coder/csire/csire_code/audio/GX010025__000920.140__000921.000.mp3,Clamshell.,Containers #1/Clamshells
GX010025__000938.360__000939.680,/home/coder/csire/csire_code/audio/GX010025__000938.360__000939.680.mp3,Two natural.,Containers #2 Natural
GX010025__000942.060__000942.820,/home/coder/csire/csire_code/audio/GX010025__000942.060__000942.820.mp3,Two natural.,Containers #2 Natural
GX010025__000951.320__000952.180,/home/coder/csire/csire_code/audio/GX010025__000951.320__000952.180.mp3,Five.,Containers #5/PP
GX010025__000952.220__000952.860,/home/coder/csire/csire_code/audio/GX010025__000952.220__000952.860.mp3,Clamshell.,Containers #1/Clamshells
GX010025__000956.160__000957.380,/home/coder/csire/csire_code/audio/GX010025__000956.160__000957.380.mp3,"Non -deposit,",Deposit #1 Bottles
GX010025__000958.340__000959.100,/home/coder/csire/csire_code/audio/GX010025__000958.340__000959.100.mp3,"Non -deposit,",Other #1 Bottles
GX010025__000959.740__000960.600,/home/coder/csire/csire_code/audio/GX010025__000959.740__000960.600.mp3,"Non -deposit,",Other #1 Bottles
GX010025__000960.680__000961.940,/home/coder/csire/csire_code/audio/GX010025__000960.680__000961.940.mp3,Two natural.,Containers #2 Natural
GX010025__000963.000__000963.680,/home/coder/csire/csire_code/audio/GX010025__000963.000__000963.680.mp3,One other plastic.,Other Plastics
GX010025__000967.760__000968.340,/home/coder/csire/csire_code/audio/GX010025__000967.760__000968.340.mp3,Clamshell.,Containers #1/Clamshells
GX010025__000968.500__000969.300,/home/coder/csire/csire_code/audio/GX010025__000968.500__000969.300.mp3,Clamshell.,Containers #1/Clamshells
GX010025__000970.420__000971.680,/home/coder/csire/csire_code/audio/GX010025__000970.420__000971.680.mp3,Two natural.,Containers #2 Natural
GX010025__000972.280__000972.880,/home/coder/csire/csire_code/audio/GX010025__000972.280__000972.880.mp3,Clamshell.,Containers #1/Clamshells
GX010025__001001.680__001004.680,/home/coder/csire/csire_code/audio/GX010025__001001.680__001004.680.mp3,Non -deposit.,Non-Deposit
GX010025__001006.500__001007.860,/home/coder/csire/csire_code/audio/GX010025__001006.500__001007.860.mp3,Two colors.,Containers #2 Colored
GX010025__001021.920__001022.360,/home/coder/csire/csire_code/audio/GX010025__001021.920__001022.360.mp3,Runstre,Containers #1/Clamshells
GX020023__000000.000__000001.320,/home/coder/csire/csire_code/audio/GX020023__000000.000__000001.320.mp3,"Other plastic,",Other Plastics
GX020023__000001.720__000004.960,/home/coder/csire/csire_code/audio/GX020023__000001.720__000004.960.mp3,"other non -deposit,",Non-Deposit
GX020023__000005.020__000007.600,/home/coder/csire/csire_code/audio/GX020023__000005.020__000007.600.mp3,other recyclable containers.,Other Unnumbered Containers & Fragments
GX020023__000007.660__000008.420,/home/coder/csire/csire_code/audio/GX020023__000007.660__000008.420.mp3,Unnumbered.,Other Unnumbered Containers & Fragments
GX020023__000010.120__000011.640,/home/coder/csire/csire_code/audio/GX020023__000010.120__000011.640.mp3,Other plastic.,Other Plastics
GX020023__000037.640__000038.120,/home/coder/csire/csire_code/audio/GX020023__000037.640__000038.120.mp3,Unnumbered.,Other Unnumbered Containers & Fragments
GX020023__000047.780__000048.560,/home/coder/csire/csire_code/audio/GX020023__000047.780__000048.560.mp3,Too natural.,Containers #2 Natural
GX020023__000057.780__000058.260,/home/coder/csire/csire_code/audio/GX020023__000057.780__000058.260.mp3,Five.,Containers #5/PP
GX020023__000074.740__000075.240,/home/coder/csire/csire_code/audio/GX020023__000074.740__000075.240.mp3,Five.,Containers #5/PP
GX020023__000090.500__000092.120,/home/coder/csire/csire_code/audio/GX020023__000090.500__000092.120.mp3,Other non -deposits.,Non-Deposit
GX020023__000094.540__000095.640,/home/coder/csire/csire_code/audio/GX020023__000094.540__000095.640.mp3,One deposit.,Deposit #1 Bottles
GX020023__000096.240__000097.380,/home/coder/csire/csire_code/audio/GX020023__000096.240__000097.380.mp3,One deposit.,Deposit #1 Bottles
GX020023__000107.500__000108.220,/home/coder/csire/csire_code/audio/GX020023__000107.500__000108.220.mp3,Unnumbered.,Other Unnumbered Containers & Fragments
GX020023__000111.940__000112.520,/home/coder/csire/csire_code/audio/GX020023__000111.940__000112.520.mp3,Unnumbered.,Other Unnumbered Containers & Fragments
GX020023__000132.800__000133.700,/home/coder/csire/csire_code/audio/GX020023__000132.800__000133.700.mp3,Number five.,Containers #5/PP
GX020023__000134.020__000134.260,/home/coder/csire/csire_code/audio/GX020023__000134.020__000134.260.mp3,Number five.,Containers #5/PP
GX020023__000134.300__000135.320,/home/coder/csire/csire_code/audio/GX020023__000134.300__000135.320.mp3,Other plastic.,Other Plastics
GX020023__000140.260__000141.640,/home/coder/csire/csire_code/audio/GX020023__000140.260__000141.640.mp3,Non -deposit one.,Other #1 Bottles
GX020023__000142.860__000143.920,/home/coder/csire/csire_code/audio/GX020023__000142.860__000143.920.mp3,Other plastic.,Other Plastics
GX020023__000147.720__000148.460,/home/coder/csire/csire_code/audio/GX020023__000147.720__000148.460.mp3,non -deposit one.,Other #1 Bottles
GX020023__000155.620__000156.820,/home/coder/csire/csire_code/audio/GX020023__000155.620__000156.820.mp3,Two color.,Containers #2 Colored
GX020023__000159.860__000160.120,/home/coder/csire/csire_code/audio/GX020023__000159.860__000160.120.mp3,Two color.,Containers #2 Colored
GX020023__000180.780__000182.000,/home/coder/csire/csire_code/audio/GX020023__000180.780__000182.000.mp3,Two color.,Containers #2 Colored
GX020023__000182.300__000184.000,/home/coder/csire/csire_code/audio/GX020023__000182.300__000184.000.mp3,Two color.,Containers #2 Colored
GX020023__000196.840__000197.720,/home/coder/csire/csire_code/audio/GX020023__000196.840__000197.720.mp3,Clamshell.,Containers #1/Clamshells
GX020023__000199.720__000201.020,/home/coder/csire/csire_code/audio/GX020023__000199.720__000201.020.mp3,Deposit number one.,Deposit #1 Bottles
GX020023__000210.000__000211.320,/home/coder/csire/csire_code/audio/GX020023__000210.000__000211.320.mp3,Non -deposit one.,Other #1 Bottles
GX020023__000215.600__000216.300,/home/coder/csire/csire_code/audio/GX020023__000215.600__000216.300.mp3,Two color.,Containers #2 Colored
GX020023__000219.960__000222.060,/home/coder/csire/csire_code/audio/GX020023__000219.960__000222.060.mp3,One non -deposit.,Other #1 Bottles
GX020023__000225.760__000227.080,/home/coder/csire/csire_code/audio/GX020023__000225.760__000227.080.mp3,One non -deposit.,Other #1 Bottles
GX020023__000236.880__000237.840,/home/coder/csire/csire_code/audio/GX020023__000236.880__000237.840.mp3,Deposit.,Other #1 Bottles
GX020023__000241.860__000243.580,/home/coder/csire/csire_code/audio/GX020023__000241.860__000243.580.mp3,One non -deposit,Other #1 Bottles
GX020023__000247.300__000249.660,/home/coder/csire/csire_code/audio/GX020023__000247.300__000249.660.mp3,One non -deposit,Other #1 Bottles
GX020023__000249.660__000250.780,/home/coder/csire/csire_code/audio/GX020023__000249.660__000250.780.mp3,One deposit,Deposit #1 Bottles
GX020023__000250.780__000252.420,/home/coder/csire/csire_code/audio/GX020023__000250.780__000252.420.mp3,One non -deposit,Deposit #1 Bottles
GX020023__000254.940__000256.360,/home/coder/csire/csire_code/audio/GX020023__000254.940__000256.360.mp3,Two color,Containers #2 Colored
GX020023__000256.360__000257.440,/home/coder/csire/csire_code/audio/GX020023__000256.360__000257.440.mp3,One deposit,Deposit #1 Bottles
GX020023__000257.440__000259.300,/home/coder/csire/csire_code/audio/GX020023__000257.440__000259.300.mp3,One non -deposit,Other #1 Bottles
GX020023__000259.300__000261.360,/home/coder/csire/csire_code/audio/GX020023__000259.300__000261.360.mp3,One non -deposit,Other #1 Bottles
GX020023__000264.080__000265.420,/home/coder/csire/csire_code/audio/GX020023__000264.080__000265.420.mp3,Three three seven,Containers #3-7 (Not #5)
GX020023__000269.320__000270.260,/home/coder/csire/csire_code/audio/GX020023__000269.320__000270.260.mp3,Deposit,Deposit #1 Bottles
GX020023__000273.800__000275.040,/home/coder/csire/csire_code/audio/GX020023__000273.800__000275.040.mp3,Plastic film.,Other Plastic Film
GX020023__000277.420__000278.960,/home/coder/csire/csire_code/audio/GX020023__000277.420__000278.960.mp3,Number five.,Containers #5/PP
GX020023__000303.300__000304.440,/home/coder/csire/csire_code/audio/GX020023__000303.300__000304.440.mp3,Five should be.,Containers #5/PP
GX020023__000304.640__000305.940,/home/coder/csire/csire_code/audio/GX020023__000304.640__000305.940.mp3,Non -deposit.,Non-Deposit
GX020023__000313.400__000313.940,/home/coder/csire/csire_code/audio/GX020023__000313.400__000313.940.mp3,Non -deposit.,Other #1 Bottles
GX020023__000313.940__000314.800,/home/coder/csire/csire_code/audio/GX020023__000313.940__000314.800.mp3,Deposit number one.,Deposit #1 Bottles
GX020023__000328.980__000330.540,/home/coder/csire/csire_code/audio/GX020023__000328.980__000330.540.mp3,Black plastic.,Black Plastic Containers
GX020023__000339.360__000340.380,/home/coder/csire/csire_code/audio/GX020023__000339.360__000340.380.mp3,Clam shell.,Containers #1/Clamshells
GX020023__000341.890__000342.780,/home/coder/csire/csire_code/audio/GX020023__000341.890__000342.780.mp3,Black plastic.,Black Plastic Containers
GX020023__000347.240__000348.180,/home/coder/csire/csire_code/audio/GX020023__000347.240__000348.180.mp3,Number five.,Containers #5/PP
GX020023__000349.700__000352.040,/home/coder/csire/csire_code/audio/GX020023__000349.700__000352.040.mp3,Number one non -deposit.,Other #1 Bottles
GX020023__000354.960__000355.740,/home/coder/csire/csire_code/audio/GX020023__000354.960__000355.740.mp3,One non -deposit.,Other #1 Bottles
GX020023__000365.280__000366.060,/home/coder/csire/csire_code/audio/GX020023__000365.280__000366.060.mp3,Clam shell.,Containers #1/Clamshells
GX020023__000367.900__000368.680,/home/coder/csire/csire_code/audio/GX020023__000367.900__000368.680.mp3,Clam shell.,Containers #1/Clamshells
GX020023__000377.860__000379.240,/home/coder/csire/csire_code/audio/GX020023__000377.860__000379.240.mp3,Non -deposit one.,Other #1 Bottles
GX020023__000380.200__000381.460,/home/coder/csire/csire_code/audio/GX020023__000380.200__000381.460.mp3,Non -deposit one.,Other #1 Bottles
GX020023__000381.460__000381.680,/home/coder/csire/csire_code/audio/GX020023__000381.460__000381.680.mp3,Non -deposit one.,Other #1 Bottles
GX020023__000386.900__000388.100,/home/coder/csire/csire_code/audio/GX020023__000386.900__000388.100.mp3,One clamshell.,Containers #1/Clamshells
GX020023__000389.440__000390.680,/home/coder/csire/csire_code/audio/GX020023__000389.440__000390.680.mp3,Non -deposit one.,Other #1 Bottles
GX020023__000390.880__000391.200,/home/coder/csire/csire_code/audio/GX020023__000390.880__000391.200.mp3,Non -deposit one.,Other #1 Bottles
GX020023__000393.740__000394.220,/home/coder/csire/csire_code/audio/GX020023__000393.740__000394.220.mp3,Clamshell.,Containers #1/Clamshells
GX020023__000397.140__000398.340,/home/coder/csire/csire_code/audio/GX020023__000397.140__000398.340.mp3,Other plastic.,Other Plastics
GX020023__000412.740__000413.720,/home/coder/csire/csire_code/audio/GX020023__000412.740__000413.720.mp3,Black plastic.,Black Plastic Containers
GX020023__000413.960__000414.820,/home/coder/csire/csire_code/audio/GX020023__000413.960__000414.820.mp3,Clam shell.,Containers #1/Clamshells
GX020023__000423.170__000423.680,/home/coder/csire/csire_code/audio/GX020023__000423.170__000423.680.mp3,Clam shell.,Containers #1/Clamshells
GX020023__000427.080__000428.140,/home/coder/csire/csire_code/audio/GX020023__000427.080__000428.140.mp3,Deposit number one.,Deposit #1 Bottles
GX020023__000430.960__000432.600,/home/coder/csire/csire_code/audio/GX020023__000430.960__000432.600.mp3,Non -deposit number one.,Other #1 Bottles
GX020023__000436.120__000436.560,/home/coder/csire/csire_code/audio/GX020023__000436.120__000436.560.mp3,Other plastic.,Other Plastics
GX020023__000439.190__000439.500,/home/coder/csire/csire_code/audio/GX020023__000439.190__000439.500.mp3,Five.,Containers #5/PP
GX020023__000461.560__000463.100,/home/coder/csire/csire_code/audio/GX020023__000461.560__000463.100.mp3,Number one clamshell.,Containers #1/Clamshells
GX020023__000474.440__000475.360,/home/coder/csire/csire_code/audio/GX020023__000474.440__000475.360.mp3,Unnumbered.,Other Unnumbered Containers & Fragments
GX020023__000477.840__000478.760,/home/coder/csire/csire_code/audio/GX020023__000477.840__000478.760.mp3,Clamshell.,Containers #1/Clamshells
GX020023__000478.840__000479.180,/home/coder/csire/csire_code/audio/GX020023__000478.840__000479.180.mp3,Clamshell.,Containers #1/Clamshells
GX020023__000482.400__000483.780,/home/coder/csire/csire_code/audio/GX020023__000482.400__000483.780.mp3,Number five.,Containers #5/PP
GX020023__000485.220__000487.320,/home/coder/csire/csire_code/audio/GX020023__000485.220__000487.320.mp3,Non -deposit number one.,Other #1 Bottles
GX020023__000490.380__000492.080,/home/coder/csire/csire_code/audio/GX020023__000490.380__000492.080.mp3,Non -deposit number one.,Other #1 Bottles
GX020023__000509.020__000510.540,/home/coder/csire/csire_code/audio/GX020023__000509.020__000510.540.mp3,One non -deposit.,Other #1 Bottles
GX020023__000534.260__000535.020,/home/coder/csire/csire_code/audio/GX020023__000534.260__000535.020.mp3,Clamshell.,Containers #1/Clamshells
GX020023__000547.040__000547.880,/home/coder/csire/csire_code/audio/GX020023__000547.040__000547.880.mp3,One other deposit.,Other #1 Bottles
GX020023__000551.180__000551.500,/home/coder/csire/csire_code/audio/GX020023__000551.180__000551.500.mp3,One deposit.,Deposit #1 Bottles
GX020023__000560.100__000560.720,/home/coder/csire/csire_code/audio/GX020023__000560.100__000560.720.mp3,Other plastic.,Other Plastics
GX020023__000565.020__000565.720,/home/coder/csire/csire_code/audio/GX020023__000565.020__000565.720.mp3,Unnumbered.,Other Unnumbered Containers & Fragments
GX020023__000569.620__000570.280,/home/coder/csire/csire_code/audio/GX020023__000569.620__000570.280.mp3,Black plastic.,Black Plastic Containers
GX020023__000625.360__000626.180,/home/coder/csire/csire_code/audio/GX020023__000625.360__000626.180.mp3,One deposit.,Deposit #1 Bottles
GX020023__000626.720__000627.540,/home/coder/csire/csire_code/audio/GX020023__000626.720__000627.540.mp3,One deposit.,Deposit #1 Bottles
GX020023__000628.680__000632.640,/home/coder/csire/csire_code/audio/GX020023__000628.680__000632.640.mp3,One non -deposit.,Other #1 Bottles
GX020023__000639.860__000640.860,/home/coder/csire/csire_code/audio/GX020023__000639.860__000640.860.mp3,Unnumbered.,Other Unnumbered Containers & Fragments
GX020023__000641.620__000643.360,/home/coder/csire/csire_code/audio/GX020023__000641.620__000643.360.mp3,One non -deposit.,Other #1 Bottles
GX020023__000645.260__000646.260,/home/coder/csire/csire_code/audio/GX020023__000645.260__000646.260.mp3,Natural.,Containers #2 Natural
GX020023__000646.680__000647.380,/home/coder/csire/csire_code/audio/GX020023__000646.680__000647.380.mp3,Two natural.,Containers #2 Natural
GX020023__000653.420__000655.220,/home/coder/csire/csire_code/audio/GX020023__000653.420__000655.220.mp3,One non -deposit.,Other #1 Bottles
GX020023__000656.700__000657.380,/home/coder/csire/csire_code/audio/GX020023__000656.700__000657.380.mp3,Clamshell.,Containers #1/Clamshells
GX020023__000677.660__000678.780,/home/coder/csire/csire_code/audio/GX020023__000677.660__000678.780.mp3,"Black plastic,",Black Plastic Containers
GX020023__000679.040__000679.720,/home/coder/csire/csire_code/audio/GX020023__000679.040__000679.720.mp3,"black plastic,",Black Plastic Containers
GX020023__000679.800__000680.420,/home/coder/csire/csire_code/audio/GX020023__000679.800__000680.420.mp3,black plastic.,Black Plastic Containers
GX020023__000681.300__000682.560,/home/coder/csire/csire_code/audio/GX020023__000681.300__000682.560.mp3,One non -deposit here.,Other #1 Bottles
GX020023__000685.620__000686.240,/home/coder/csire/csire_code/audio/GX020023__000685.620__000686.240.mp3,Five.,Containers #5/PP
GX020023__000693.760__000694.160,/home/coder/csire/csire_code/audio/GX020023__000693.760__000694.160.mp3,"One deposit,",Deposit #1 Bottles
GX020023__000694.500__000695.100,/home/coder/csire/csire_code/audio/GX020023__000694.500__000695.100.mp3,"one deposit,",Deposit #1 Bottles
GX020023__000695.340__000696.360,/home/coder/csire/csire_code/audio/GX020023__000695.340__000696.360.mp3,one deposit.,Deposit #1 Bottles
GX020023__000701.760__000702.560,/home/coder/csire/csire_code/audio/GX020023__000701.760__000702.560.mp3,One deposit.,Deposit #1 Bottles
GX020023__000703.380__000704.140,/home/coder/csire/csire_code/audio/GX020023__000703.380__000704.140.mp3,Clamshell.,Containers #1/Clamshells
GX020023__000704.580__000705.280,/home/coder/csire/csire_code/audio/GX020023__000704.580__000705.280.mp3,One non -deposit.,Other #1 Bottles
GX020023__000711.580__000712.340,/home/coder/csire/csire_code/audio/GX020023__000711.580__000712.340.mp3,Unnumbered.,Other Unnumbered Containers & Fragments
GX020023__000714.200__000715.140,/home/coder/csire/csire_code/audio/GX020023__000714.200__000715.140.mp3,Other plastic.,Other Plastics
GX020023__000717.600__000718.360,/home/coder/csire/csire_code/audio/GX020023__000717.600__000718.360.mp3,Five.,Containers #5/PP
GX020023__000719.260__000720.140,/home/coder/csire/csire_code/audio/GX020023__000719.260__000720.140.mp3,Black plastic.,Black Plastic Containers
GX020023__000720.520__000721.280,/home/coder/csire/csire_code/audio/GX020023__000720.520__000721.280.mp3,Clamshell.,Containers #1/Clamshells
GX020023__000721.280__000722.200,/home/coder/csire/csire_code/audio/GX020023__000721.280__000722.200.mp3,Black.,Black Plastic Containers
GX020023__000723.440__000724.360,/home/coder/csire/csire_code/audio/GX020023__000723.440__000724.360.mp3,Black plastic.,Black Plastic Containers
GX020023__000728.280__000729.440,/home/coder/csire/csire_code/audio/GX020023__000728.280__000729.440.mp3,Black plastic.,Black Plastic Containers
GX020023__000733.340__000734.020,/home/coder/csire/csire_code/audio/GX020023__000733.340__000734.020.mp3,Clamshell.,Containers #1/Clamshells
GX020023__000745.980__000747.040,/home/coder/csire/csire_code/audio/GX020023__000745.980__000747.040.mp3,One non -deposit.,Other #1 Bottles
GX020023__000747.340__000748.360,/home/coder/csire/csire_code/audio/GX020023__000747.340__000748.360.mp3,One non -deposit.,Other #1 Bottles
GX020023__000753.280__000754.320,/home/coder/csire/csire_code/audio/GX020023__000753.280__000754.320.mp3,Number five.,Containers #5/PP
GX020023__000760.440__000761.200,/home/coder/csire/csire_code/audio/GX020023__000760.440__000761.200.mp3,Three through seven.,Containers #3-7 (Not #5)
GX020023__000777.520__000779.720,/home/coder/csire/csire_code/audio/GX020023__000777.520__000779.720.mp3,There is one non -deposit.,Other #1 Bottles
GX020023__000782.240__000783.480,/home/coder/csire/csire_code/audio/GX020023__000782.240__000783.480.mp3,"One non -deposit,",Other #1 Bottles
GX020023__000816.380__000817.180,/home/coder/csire/csire_code/audio/GX020023__000816.380__000817.180.mp3,Unnumbered.,Other Unnumbered Containers & Fragments
GX020023__000829.180__000832.240,/home/coder/csire/csire_code/audio/GX020023__000829.180__000832.240.mp3,Number five.,Containers #5/PP
GX020023__000834.060__000835.680,/home/coder/csire/csire_code/audio/GX020023__000834.060__000835.680.mp3,Two colors.,Containers #2 Colored
GX020023__000843.880__000844.880,/home/coder/csire/csire_code/audio/GX020023__000843.880__000844.880.mp3,Unnumbered.,Other Unnumbered Containers & Fragments
GX020023__000850.600__000852.540,/home/coder/csire/csire_code/audio/GX020023__000850.600__000852.540.mp3,One deposit.,Deposit #1 Bottles
GX020023__000855.260__000856.260,/home/coder/csire/csire_code/audio/GX020023__000855.260__000856.260.mp3,Clamshell.,Containers #1/Clamshells
GX020023__000866.280__000867.180,/home/coder/csire/csire_code/audio/GX020023__000866.280__000867.180.mp3,Number five.,Containers #5/PP
GX020023__000873.940__000876.040,/home/coder/csire/csire_code/audio/GX020023__000873.940__000876.040.mp3,Number one clamshell.,Containers #1/Clamshells
GX020023__000880.360__000881.020,/home/coder/csire/csire_code/audio/GX020023__000880.360__000881.020.mp3,Five.,Containers #5/PP
GX020023__000889.620__000890.280,/home/coder/csire/csire_code/audio/GX020023__000889.620__000890.280.mp3,Five.,Containers #5/PP
GX020023__000893.580__000894.720,/home/coder/csire/csire_code/audio/GX020023__000893.580__000894.720.mp3,Black plastic.,Black Plastic Containers
GX020023__000898.200__000899.060,/home/coder/csire/csire_code/audio/GX020023__000898.200__000899.060.mp3,This is plastic.,Plastic
GX020023__000905.880__000906.640,/home/coder/csire/csire_code/audio/GX020023__000905.880__000906.640.mp3,Five.,Containers #5/PP
GX020023__000912.540__000915.020,/home/coder/csire/csire_code/audio/GX020023__000912.540__000915.020.mp3,Other plastic.,Other Plastics
GX020023__000915.020__000915.400,/home/coder/csire/csire_code/audio/GX020023__000915.020__000915.400.mp3,Unnumbered.,Other Unnumbered Containers & Fragments
GX020023__000926.320__000927.460,/home/coder/csire/csire_code/audio/GX020023__000926.320__000927.460.mp3,Unnumbered.,Other Unnumbered Containers & Fragments
GX020023__000950.740__000952.080,/home/coder/csire/csire_code/audio/GX020023__000950.740__000952.080.mp3,One non -deposit.,Other #1 Bottles
GX020023__000987.980__000989.640,/home/coder/csire/csire_code/audio/GX020023__000987.980__000989.640.mp3,Two colors.,Containers #2 Colored
GX020023__000990.840__000992.540,/home/coder/csire/csire_code/audio/GX020023__000990.840__000992.540.mp3,One non -deposit.,Other #1 Bottles
GX020023__000992.820__000994.920,/home/coder/csire/csire_code/audio/GX020023__000992.820__000994.920.mp3,Other non -deposit.,Other #1 Bottles
GX020023__001021.180__001022.380,/home/coder/csire/csire_code/audio/GX020023__001021.180__001022.380.mp3,"Unnumbered,",Other Unnumbered Containers & Fragments
GX020023__001022.380__001022.900,/home/coder/csire/csire_code/audio/GX020023__001022.380__001022.900.mp3,"unnumbered,",Other Unnumbered Containers & Fragments
GX020023__001022.900__001023.500,/home/coder/csire/csire_code/audio/GX020023__001022.900__001023.500.mp3,unnumbered.,Other Unnumbered Containers & Fragments
GX020023__001023.520__001024.600,/home/coder/csire/csire_code/audio/GX020023__001023.520__001024.600.mp3,Unnumbered.,Other Unnumbered Containers & Fragments
GX020025__000005.160__000006.220,/home/coder/csire/csire_code/audio/GX020025__000005.160__000006.220.mp3,Black plastic.,Black Plastic Containers
GX020025__000006.500__000007.400,/home/coder/csire/csire_code/audio/GX020025__000006.500__000007.400.mp3,Black plastic.,Black Plastic Containers
GX020025__000010.180__000010.920,/home/coder/csire/csire_code/audio/GX020025__000010.180__000010.920.mp3,Clamshell.,Containers #1/Clamshells
GX020025__000012.500__000013.180,/home/coder/csire/csire_code/audio/GX020025__000012.500__000013.180.mp3,"clamshell,",Containers #1/Clamshells
GX020025__000029.980__000030.700,/home/coder/csire/csire_code/audio/GX020025__000029.980__000030.700.mp3,Other plastic.,Black Plastic Containers
GX020025__000042.300__000043.940,/home/coder/csire/csire_code/audio/GX020025__000042.300__000043.940.mp3,One deposit.,Deposit #1 Bottles
GX020025__000046.600__000047.540,/home/coder/csire/csire_code/audio/GX020025__000046.600__000047.540.mp3,Clamshell.,Containers #1/Clamshells
GX020025__000047.620__000048.080,/home/coder/csire/csire_code/audio/GX020025__000047.620__000048.080.mp3,Five.,Containers #5/PP
GX020025__000048.580__000050.340,/home/coder/csire/csire_code/audio/GX020025__000048.580__000050.340.mp3,A number.,Other Unnumbered Containers & Fragments
GX020025__000051.900__000052.760,/home/coder/csire/csire_code/audio/GX020025__000051.900__000052.760.mp3,Five.,Containers #5/PP
GX020025__000105.660__000106.360,/home/coder/csire/csire_code/audio/GX020025__000105.660__000106.360.mp3,Clamshell.,Containers #1/Clamshells
GX020025__000108.240__000109.640,/home/coder/csire/csire_code/audio/GX020025__000108.240__000109.640.mp3,327.,Containers #3-7 (Not #5)
GX020025__000131.820__000133.320,/home/coder/csire/csire_code/audio/GX020025__000131.820__000133.320.mp3,Non -deposit.,Non-Deposit
GX020025__000137.540__000137.980,/home/coder/csire/csire_code/audio/GX020025__000137.540__000137.980.mp3,Clamshell.,Containers #1/Clamshells
GX020025__000140.220__000141.460,/home/coder/csire/csire_code/audio/GX020025__000140.220__000141.460.mp3,Non -deposit.,Non-Deposit
GX020025__000144.060__000145.220,/home/coder/csire/csire_code/audio/GX020025__000144.060__000145.220.mp3,Black plastic.,Black Plastic Containers
GX020025__000150.000__000150.760,/home/coder/csire/csire_code/audio/GX020025__000150.000__000150.760.mp3,327.,Containers #3-7 (Not #5)
GX020025__000152.600__000154.640,/home/coder/csire/csire_code/audio/GX020025__000152.600__000154.640.mp3,Non -deposit number one.,Other #1 Bottles
GX020025__000166.620__000167.400,/home/coder/csire/csire_code/audio/GX020025__000166.620__000167.400.mp3,Non -deposit.,Non-Deposit
GX020025__000177.220__000177.940,/home/coder/csire/csire_code/audio/GX020025__000177.220__000177.940.mp3,Clamshell.,Containers #1/Clamshells
GX020025__000181.020__000181.660,/home/coder/csire/csire_code/audio/GX020025__000181.020__000181.660.mp3,Non -deposit one.,Other #1 Bottles
GX020025__000202.000__000203.740,/home/coder/csire/csire_code/audio/GX020025__000202.000__000203.740.mp3,One clam shell.,Containers #1/Clamshells
GX020025__000211.000__000211.460,/home/coder/csire/csire_code/audio/GX020025__000211.000__000211.460.mp3,Clamshell.,Containers #1/Clamshells
GX020025__000211.580__000213.080,/home/coder/csire/csire_code/audio/GX020025__000211.580__000213.080.mp3,Number five.,Containers #5/PP
GX020025__000213.100__000214.440,/home/coder/csire/csire_code/audio/GX020025__000213.100__000214.440.mp3,Other plastic.,Other Plastics
GX020025__000218.120__000219.160,/home/coder/csire/csire_code/audio/GX020025__000218.120__000219.160.mp3,Unnumbered.,Other Unnumbered Containers & Fragments
GX020025__000227.080__000227.740,/home/coder/csire/csire_code/audio/GX020025__000227.080__000227.740.mp3,clamshell.,Containers #1/Clamshells
GX020025__000233.040__000234.480,/home/coder/csire/csire_code/audio/GX020025__000233.040__000234.480.mp3,"deposit number 1,",Deposit #1 Bottles
GX020025__000234.600__000236.040,/home/coder/csire/csire_code/audio/GX020025__000234.600__000236.040.mp3,"black plastic,",Black Plastic Containers
GX020025__000236.200__000236.820,/home/coder/csire/csire_code/audio/GX020025__000236.200__000236.820.mp3,"black plastic,",Black Plastic Containers
GX020025__000237.000__000237.840,/home/coder/csire/csire_code/audio/GX020025__000237.000__000237.840.mp3,"5,",Containers #5/PP
GX020025__000241.340__000243.880,/home/coder/csire/csire_code/audio/GX020025__000241.340__000243.880.mp3,"1 deposit,",Deposit #1 Bottles
GX020025__000244.100__000244.460,/home/coder/csire/csire_code/audio/GX020025__000244.100__000244.460.mp3,"1 deposit,",Deposit #1 Bottles
GX020025__000244.920__000246.340,/home/coder/csire/csire_code/audio/GX020025__000244.920__000246.340.mp3,"1 non -deposit,",Other #1 Bottles
GX020025__000246.500__000246.960,/home/coder/csire/csire_code/audio/GX020025__000246.500__000246.960.mp3,"deposit,",Deposit #1 Bottles
GX020025__000248.920__000251.500,/home/coder/csire/csire_code/audio/GX020025__000248.920__000251.500.mp3,"deposit number 1,",Deposit #1 Bottles
GX020025__000264.500__000265.800,/home/coder/csire/csire_code/audio/GX020025__000264.500__000265.800.mp3,"3 -2 -7,",Containers #3-7 (Not #5)
GX020025__000266.020__000271.240,/home/coder/csire/csire_code/audio/GX020025__000266.020__000271.240.mp3,"1 deposit,",Deposit #1 Bottles
GX020025__000271.500__000271.820,/home/coder/csire/csire_code/audio/GX020025__000271.500__000271.820.mp3,"1 deposit,",Deposit #1 Bottles
GX020025__000272.200__000273.900,/home/coder/csire/csire_code/audio/GX020025__000272.200__000273.900.mp3,"5,",Containers #5/PP
GX020025__000274.300__000274.860,/home/coder/csire/csire_code/audio/GX020025__000274.300__000274.860.mp3,"5,",Containers #5/PP
GX020025__000274.860__000277.560,/home/coder/csire/csire_code/audio/GX020025__000274.860__000277.560.mp3,4.,Containers #3-7 (Not #5)
GX020025__000286.040__000287.440,/home/coder/csire/csire_code/audio/GX020025__000286.040__000287.440.mp3,"1 non -deposit,",Other #1 Bottles
GX020025__000295.800__000296.220,/home/coder/csire/csire_code/audio/GX020025__000295.800__000296.220.mp3,"5,",Containers #5/PP
GX020025__000296.260__000297.580,/home/coder/csire/csire_code/audio/GX020025__000296.260__000297.580.mp3,"3 -2 -7,",Containers #3-7 (Not #5)
GX030023__000020.780__000021.740,/home/coder/csire/csire_code/audio/GX030023__000020.780__000021.740.mp3,Number one.,Containers #1/Clamshells
GX030023__000021.840__000022.680,/home/coder/csire/csire_code/audio/GX030023__000021.840__000022.680.mp3,Clamshell.,Containers #1/Clamshells
GX030023__000035.060__000035.980,/home/coder/csire/csire_code/audio/GX030023__000035.060__000035.980.mp3,Unnumbered.,Other Unnumbered Containers & Fragments
GX030023__000040.480__000041.400,/home/coder/csire/csire_code/audio/GX030023__000040.480__000041.400.mp3,Clamshell.,Containers #1/Clamshells
GX030023__000086.100__000087.700,/home/coder/csire/csire_code/audio/GX030023__000086.100__000087.700.mp3,Other plastic.,Other Plastics
GX030023__000090.660__000091.460,/home/coder/csire/csire_code/audio/GX030023__000090.660__000091.460.mp3,Unnumbered.,Other Unnumbered Containers & Fragments
GX030023__000093.160__000093.940,/home/coder/csire/csire_code/audio/GX030023__000093.160__000093.940.mp3,Black plastic.,Black Plastic Containers
GX030023__000104.020__000104.700,/home/coder/csire/csire_code/audio/GX030023__000104.020__000104.700.mp3,Unnumbered.,Other Unnumbered Containers & Fragments
GX030023__000124.600__000125.140,/home/coder/csire/csire_code/audio/GX030023__000124.600__000125.140.mp3,Other plastic.,Other Plastics
GX030023__000160.440__000161.060,/home/coder/csire/csire_code/audio/GX030023__000160.440__000161.060.mp3,"number one,",Containers #1/Clamshells
GX030023__000180.640__000181.240,/home/coder/csire/csire_code/audio/GX030023__000180.640__000181.240.mp3,Unnumbered.,Other Unnumbered Containers & Fragments
